rework_id,part_id,rework_type,rework_cost_usd,root_cause,rework_date
RWK-00001,P-0624,retest_only,31.57,tolerance_stackup,2024-09-08
RWK-00002,P-0518,scrap_replace,65.86,tolerance_stackup,2023-01-08
RWK-00003,P-1430,assembly_adjust,72.27,tolerance_stackup,2023-08-04
RWK-00004,P-1390,rework_machining,177.03,tolerance_stackup,2023-08-05
RWK-00005,P-2653,scrap_replace,40.16,material_defect,2023-02-11
RWK-00006,P-2991,rework_machining,92.52,tolerance_stackup,2024-05-30
RWK-00007,P-0792,assembly_adjust,273.38,process_variation,2024-08-26
RWK-00008,P-0607,retest_only,259.13,design_error,2024-09-17
RWK-00009,P-1421,assembly_adjust,81.52,design_error,2024-11-03
RWK-00010,P-1337,scrap_replace,106.7,material_defect,2024-01-03
RWK-00011,P-2466,scrap_replace,39.86,tolerance_stackup,2023-12-10
RWK-00012,P-0295,retest_only,116.74,design_error,2025-02-19
RWK-00013,P-0487,retest_only,356.85,material_defect,2023-02-04
RWK-00014,P-0619,assembly_adjust,289.86,design_error,2023-08-27
RWK-00015,P-0251,assembly_adjust,88.23,tolerance_stackup,2023-10-19
RWK-00016,P-0191,assembly_adjust,122.89,design_error,2025-05-08
RWK-00017,P-1562,scrap_replace,46.43,tolerance_stackup,2023-06-19
RWK-00018,P-2671,scrap_replace,38.99,process_variation,2024-08-12
RWK-00019,P-2466,retest_only,64.86,tolerance_stackup,2023-11-04
RWK-00020,P-0584,scrap_replace,114.86,tolerance_stackup,2024-11-12
RWK-00021,P-0437,scrap_replace,172.39,material_defect,2023-12-14
RWK-00022,P-1852,rework_machining,83.82,tolerance_stackup,2024-05-06
RWK-00023,P-1008,scrap_replace,133.77,process_variation,2023-05-07
RWK-00024,P-1537,scrap_replace,9.06,tolerance_stackup,2025-06-28
RWK-00025,P-2154,rework_machining,104.94,design_error,2023-03-27
RWK-00026,P-2699,retest_only,51.51,process_variation,2023-05-30
RWK-00027,P-0565,retest_only,29.2,tolerance_stackup,2024-01-27
RWK-00028,P-0208,retest_only,135.45,supplier_quality,2024-02-18
RWK-00029,P-0688,rework_machining,331.11,process_variation,2024-02-28
RWK-00030,P-1674,assembly_adjust,88.91,design_error,2023-08-29
RWK-00031,P-0272,rework_machining,198.7,design_error,2023-07-24
RWK-00032,P-1004,scrap_replace,61.81,tolerance_stackup,2023-09-04
RWK-00033,P-0937,rework_machining,571.11,design_error,2024-03-18
RWK-00034,P-0335,scrap_replace,21.79,design_error,2025-01-09
RWK-00035,P-2942,rework_machining,82.21,design_error,2023-04-25
RWK-00036,P-2560,rework_machining,177.03,process_variation,2024-06-05
RWK-00037,P-1790,scrap_replace,87.55,process_variation,2024-01-07
RWK-00038,P-2652,rework_machining,310.68,design_error,2023-04-05
RWK-00039,P-0875,retest_only,13.93,tolerance_stackup,2024-01-02
RWK-00040,P-2531,rework_machining,81.44,tolerance_stackup,2025-04-25
RWK-00041,P-2045,assembly_adjust,71.92,supplier_quality,2023-05-29
RWK-00042,P-0706,rework_machining,81.51,tolerance_stackup,2023-05-11
RWK-00043,P-2034,scrap_replace,21.66,material_defect,2025-05-25
RWK-00044,P-1555,rework_machining,69.25,tolerance_stackup,2024-10-08
RWK-00045,P-1510,retest_only,66.44,process_variation,2024-01-06
RWK-00046,P-2799,retest_only,112.04,design_error,2024-09-09
RWK-00047,P-1179,retest_only,241.88,design_error,2024-07-09
RWK-00048,P-2762,rework_machining,99.52,tolerance_stackup,2025-01-21
RWK-00049,P-2486,scrap_replace,131.1,supplier_quality,2023-12-10
RWK-00050,P-1283,retest_only,279.15,design_error,2024-08-03
RWK-00051,P-2329,scrap_replace,262.51,tolerance_stackup,2023-06-02
RWK-00052,P-0348,rework_machining,10.53,tolerance_stackup,2023-12-13
RWK-00053,P-1522,scrap_replace,184.5,material_defect,2023-05-14
RWK-00054,P-0182,retest_only,183.46,tolerance_stackup,2023-07-04
RWK-00055,P-0594,rework_machining,71.09,design_error,2024-11-28
RWK-00056,P-1085,rework_machining,59.58,tolerance_stackup,2024-05-06
RWK-00057,P-0281,scrap_replace,32.58,design_error,2023-03-31
RWK-00058,P-2675,rework_machining,15.69,process_variation,2023-01-30
RWK-00059,P-2628,scrap_replace,193.41,tolerance_stackup,2025-05-30
RWK-00060,P-0014,scrap_replace,179.22,tolerance_stackup,2024-04-21
RWK-00061,P-0305,assembly_adjust,82.27,supplier_quality,2023-11-29
RWK-00062,P-2823,rework_machining,170.52,material_defect,2023-06-07
RWK-00063,P-0010,assembly_adjust,226.15,process_variation,2023-07-29
RWK-00064,P-2872,scrap_replace,17.88,tolerance_stackup,2024-08-09
RWK-00065,P-1733,scrap_replace,112.66,process_variation,2023-03-13
RWK-00066,P-1677,assembly_adjust,72.35,process_variation,2024-01-10
RWK-00067,P-0100,assembly_adjust,132.82,tolerance_stackup,2024-12-26
RWK-00068,P-1103,assembly_adjust,106.45,design_error,2024-11-21
RWK-00069,P-2510,rework_machining,179.99,design_error,2024-01-13
RWK-00070,P-0993,retest_only,21.66,process_variation,2024-06-21
RWK-00071,P-2724,assembly_adjust,293.7,material_defect,2024-09-11
RWK-00072,P-1562,scrap_replace,56.19,process_variation,2024-03-29
RWK-00073,P-2514,scrap_replace,79.77,supplier_quality,2024-10-02
RWK-00074,P-2353,rework_machining,18.47,design_error,2024-08-21
RWK-00075,P-1406,assembly_adjust,82.01,tolerance_stackup,2023-10-24
RWK-00076,P-2505,rework_machining,88.56,design_error,2023-07-21
RWK-00077,P-2587,scrap_replace,83.78,supplier_quality,2023-08-25
RWK-00078,P-2887,retest_only,46.42,material_defect,2025-04-20
RWK-00079,P-0229,scrap_replace,30.03,tolerance_stackup,2023-04-13
RWK-00080,P-2427,rework_machining,160.32,supplier_quality,2023-03-06
RWK-00081,P-2009,retest_only,18.85,design_error,2024-10-27
RWK-00082,P-2107,scrap_replace,185.7,design_error,2023-11-09
RWK-00083,P-2790,rework_machining,413.67,design_error,2024-12-27
RWK-00084,P-0111,scrap_replace,661.89,design_error,2023-02-22
RWK-00085,P-2267,scrap_replace,33.95,supplier_quality,2025-01-13
RWK-00086,P-1141,scrap_replace,153.2,design_error,2024-06-17
RWK-00087,P-1824,scrap_replace,54.26,material_defect,2023-01-04
RWK-00088,P-0713,assembly_adjust,270.99,tolerance_stackup,2023-12-13
RWK-00089,P-0894,rework_machining,128.22,design_error,2023-01-26
RWK-00090,P-1867,assembly_adjust,69.2,supplier_quality,2023-02-21
RWK-00091,P-1121,assembly_adjust,39.67,process_variation,2023-03-05
RWK-00092,P-0912,retest_only,64.55,supplier_quality,2024-08-29
RWK-00093,P-0102,rework_machining,49.06,tolerance_stackup,2024-03-20
RWK-00094,P-0465,rework_machining,88.07,design_error,2025-05-21
RWK-00095,P-1841,retest_only,92.25,design_error,2024-09-17
RWK-00096,P-1233,retest_only,54.65,tolerance_stackup,2023-04-08
RWK-00097,P-0080,assembly_adjust,50.42,design_error,2025-03-28
RWK-00098,P-1068,scrap_replace,158.33,design_error,2023-07-20
RWK-00099,P-1111,retest_only,169.09,tolerance_stackup,2023-10-30
RWK-00100,P-0694,scrap_replace,43.32,tolerance_stackup,2023-09-06
RWK-00101,P-0504,rework_machining,85.71,design_error,2023-12-28
RWK-00102,P-0025,assembly_adjust,41.36,tolerance_stackup,2024-09-10
RWK-00103,P-1905,scrap_replace,941.15,design_error,2023-06-23
RWK-00104,P-2307,rework_machining,38.61,supplier_quality,2023-12-18
RWK-00105,P-0703,assembly_adjust,113.07,design_error,2025-02-20
RWK-00106,P-0998,assembly_adjust,134.37,material_defect,2024-11-17
RWK-00107,P-2703,retest_only,49.46,design_error,2023-09-24
RWK-00108,P-2903,rework_machining,41.5,tolerance_stackup,2024-02-26
RWK-00109,P-1713,rework_machining,70.0,process_variation,2024-09-07
RWK-00110,P-1210,assembly_adjust,41.32,process_variation,2023-01-22
RWK-00111,P-2963,assembly_adjust,106.65,design_error,2024-12-03
RWK-00112,P-0169,retest_only,41.9,tolerance_stackup,2023-06-08
RWK-00113,P-0907,scrap_replace,102.72,process_variation,2023-12-29
RWK-00114,P-1592,rework_machining,14.04,design_error,2023-10-19
RWK-00115,P-0749,scrap_replace,43.54,design_error,2023-04-11
RWK-00116,P-2779,rework_machining,61.68,tolerance_stackup,2024-07-31
RWK-00117,P-1593,assembly_adjust,221.54,design_error,2023-10-17
RWK-00118,P-2672,scrap_replace,17.06,supplier_quality,2024-09-11
RWK-00119,P-1010,scrap_replace,224.48,tolerance_stackup,2023-10-19
RWK-00120,P-0501,assembly_adjust,163.0,design_error,2024-08-05
RWK-00121,P-2755,rework_machining,18.05,design_error,2025-05-24
RWK-00122,P-1454,retest_only,146.09,tolerance_stackup,2023-02-26
RWK-00123,P-2384,rework_machining,38.98,supplier_quality,2023-02-18
RWK-00124,P-0970,rework_machining,150.52,tolerance_stackup,2023-12-02
RWK-00125,P-0334,rework_machining,158.78,tolerance_stackup,2024-12-15
RWK-00126,P-1915,scrap_replace,183.8,material_defect,2024-08-01
RWK-00127,P-0804,retest_only,53.82,material_defect,2025-06-03
RWK-00128,P-2757,assembly_adjust,166.32,tolerance_stackup,2024-08-04
RWK-00129,P-0902,scrap_replace,359.95,tolerance_stackup,2025-02-24
RWK-00130,P-0879,scrap_replace,69.26,tolerance_stackup,2024-06-11
RWK-00131,P-2264,rework_machining,77.65,tolerance_stackup,2023-06-30
RWK-00132,P-1145,scrap_replace,170.61,design_error,2024-01-23
RWK-00133,P-0434,rework_machining,6.94,material_defect,2024-07-31
RWK-00134,P-0725,rework_machining,37.21,material_defect,2023-01-09
RWK-00135,P-2001,assembly_adjust,222.84,material_defect,2023-12-17
RWK-00136,P-0374,assembly_adjust,103.38,tolerance_stackup,2024-05-23
RWK-00137,P-2096,retest_only,74.15,design_error,2024-02-03
RWK-00138,P-2847,scrap_replace,38.57,tolerance_stackup,2023-08-27
RWK-00139,P-0412,scrap_replace,92.2,material_defect,2024-01-28
RWK-00140,P-0851,scrap_replace,55.82,design_error,2023-11-17
RWK-00141,P-1039,retest_only,18.69,material_defect,2024-10-29
RWK-00142,P-1774,rework_machining,290.72,design_error,2024-06-27
RWK-00143,P-1959,rework_machining,48.16,process_variation,2025-04-14
RWK-00144,P-2896,assembly_adjust,70.48,tolerance_stackup,2024-03-11
RWK-00145,P-2954,scrap_replace,18.09,design_error,2024-08-11
RWK-00146,P-0984,scrap_replace,55.61,design_error,2024-01-29
RWK-00147,P-0626,retest_only,222.59,tolerance_stackup,2024-11-02
RWK-00148,P-0758,retest_only,208.07,design_error,2024-01-05
RWK-00149,P-1847,scrap_replace,92.09,process_variation,2024-12-08
RWK-00150,P-0823,assembly_adjust,51.3,material_defect,2024-11-26
RWK-00151,P-2449,scrap_replace,92.13,tolerance_stackup,2023-07-23
RWK-00152,P-1402,scrap_replace,141.9,material_defect,2024-03-26
RWK-00153,P-0029,assembly_adjust,23.4,process_variation,2024-12-12
RWK-00154,P-2362,rework_machining,112.79,tolerance_stackup,2024-07-17
RWK-00155,P-1283,rework_machining,179.44,design_error,2024-08-13
RWK-00156,P-2981,assembly_adjust,85.26,tolerance_stackup,2023-03-27
RWK-00157,P-2290,rework_machining,88.45,process_variation,2025-03-25
RWK-00158,P-1689,rework_machining,46.82,design_error,2024-07-09
RWK-00159,P-0370,rework_machining,117.62,tolerance_stackup,2023-03-10
RWK-00160,P-1581,retest_only,382.77,design_error,2023-02-21
RWK-00161,P-1858,assembly_adjust,319.16,process_variation,2023-08-10
RWK-00162,P-2563,assembly_adjust,53.62,design_error,2024-12-03
RWK-00163,P-2435,scrap_replace,64.26,process_variation,2024-09-10
RWK-00164,P-2814,rework_machining,307.66,material_defect,2023-01-10
RWK-00165,P-2132,retest_only,153.78,tolerance_stackup,2023-10-15
RWK-00166,P-1458,rework_machining,151.01,supplier_quality,2024-11-08
RWK-00167,P-1251,assembly_adjust,17.68,process_variation,2023-08-09
RWK-00168,P-1448,scrap_replace,205.07,tolerance_stackup,2024-04-26
RWK-00169,P-0930,rework_machining,69.94,design_error,2024-12-09
RWK-00170,P-0427,scrap_replace,111.07,design_error,2024-10-05
RWK-00171,P-0780,scrap_replace,47.71,tolerance_stackup,2025-05-28
RWK-00172,P-2086,assembly_adjust,397.28,process_variation,2023-08-11
RWK-00173,P-0241,assembly_adjust,37.43,tolerance_stackup,2024-04-16
RWK-00174,P-1184,rework_machining,521.79,tolerance_stackup,2024-04-23
RWK-00175,P-0535,retest_only,92.37,design_error,2024-01-23
RWK-00176,P-2074,assembly_adjust,77.43,process_variation,2025-02-07
RWK-00177,P-1022,assembly_adjust,40.66,supplier_quality,2023-11-21
RWK-00178,P-1588,rework_machining,56.24,tolerance_stackup,2023-07-13
RWK-00179,P-2509,assembly_adjust,74.97,tolerance_stackup,2023-01-10
RWK-00180,P-1600,assembly_adjust,101.63,material_defect,2023-01-24
RWK-00181,P-0916,rework_machining,146.28,tolerance_stackup,2023-03-25
RWK-00182,P-1805,rework_machining,74.61,tolerance_stackup,2024-11-16
RWK-00183,P-2928,scrap_replace,146.17,tolerance_stackup,2024-06-07
RWK-00184,P-1721,assembly_adjust,260.99,supplier_quality,2024-10-02
RWK-00185,P-1050,rework_machining,233.42,process_variation,2023-08-01
RWK-00186,P-2314,retest_only,158.23,design_error,2023-05-17
RWK-00187,P-1876,retest_only,141.21,material_defect,2024-11-27
RWK-00188,P-2905,assembly_adjust,34.67,process_variation,2023-11-08
RWK-00189,P-0479,rework_machining,108.64,supplier_quality,2024-12-07
RWK-00190,P-2967,scrap_replace,33.91,design_error,2024-01-15
RWK-00191,P-2101,retest_only,224.82,supplier_quality,2023-04-30
RWK-00192,P-1858,rework_machining,116.71,process_variation,2023-02-05
RWK-00193,P-2284,rework_machining,248.82,design_error,2023-03-22
RWK-00194,P-0459,scrap_replace,259.24,design_error,2023-12-13
RWK-00195,P-0780,rework_machining,133.89,supplier_quality,2023-10-12
RWK-00196,P-0360,assembly_adjust,48.97,tolerance_stackup,2023-03-27
RWK-00197,P-1495,retest_only,11.96,design_error,2023-07-26
RWK-00198,P-1559,scrap_replace,146.72,tolerance_stackup,2025-06-22
RWK-00199,P-2713,assembly_adjust,77.38,tolerance_stackup,2024-07-17
RWK-00200,P-1339,assembly_adjust,184.99,tolerance_stackup,2025-06-12
RWK-00201,P-2159,assembly_adjust,168.76,design_error,2024-04-07
RWK-00202,P-1227,rework_machining,154.25,process_variation,2024-05-30
RWK-00203,P-2398,assembly_adjust,112.44,tolerance_stackup,2024-03-29
RWK-00204,P-0353,assembly_adjust,20.23,process_variation,2024-03-12
RWK-00205,P-0315,rework_machining,280.74,supplier_quality,2023-10-02
RWK-00206,P-0990,retest_only,29.04,design_error,2025-05-29
RWK-00207,P-2990,scrap_replace,50.27,process_variation,2023-03-11
RWK-00208,P-1616,assembly_adjust,66.86,material_defect,2024-08-30
RWK-00209,P-1971,assembly_adjust,91.52,design_error,2025-03-12
RWK-00210,P-0299,assembly_adjust,67.55,tolerance_stackup,2023-05-01
RWK-00211,P-1181,rework_machining,54.59,material_defect,2025-04-26
RWK-00212,P-2803,assembly_adjust,185.36,tolerance_stackup,2023-07-13
RWK-00213,P-1723,rework_machining,27.16,design_error,2025-05-28
RWK-00214,P-0166,scrap_replace,61.99,tolerance_stackup,2024-08-19
RWK-00215,P-2547,rework_machining,13.64,material_defect,2024-02-20
RWK-00216,P-0325,scrap_replace,35.59,tolerance_stackup,2025-05-12
RWK-00217,P-1874,assembly_adjust,22.05,process_variation,2023-06-24
RWK-00218,P-0462,rework_machining,174.27,design_error,2023-10-30
RWK-00219,P-2618,rework_machining,106.5,process_variation,2024-06-23
RWK-00220,P-2922,retest_only,43.47,design_error,2023-04-17
RWK-00221,P-0790,rework_machining,5.06,process_variation,2023-05-29
RWK-00222,P-2541,rework_machining,22.8,process_variation,2024-11-21
RWK-00223,P-2726,retest_only,33.48,design_error,2023-05-06
RWK-00224,P-2279,scrap_replace,65.07,design_error,2023-07-06
RWK-00225,P-2332,rework_machining,178.05,process_variation,2025-03-23
RWK-00226,P-2110,rework_machining,24.66,supplier_quality,2023-03-29
RWK-00227,P-0208,assembly_adjust,26.69,tolerance_stackup,2024-07-24
RWK-00228,P-1081,assembly_adjust,19.92,process_variation,2024-09-19
RWK-00229,P-0943,rework_machining,90.24,tolerance_stackup,2023-03-23
RWK-00230,P-0632,assembly_adjust,12.78,supplier_quality,2024-05-12
RWK-00231,P-1394,rework_machining,18.38,process_variation,2024-01-10
RWK-00232,P-0796,rework_machining,137.59,supplier_quality,2024-02-04
RWK-00233,P-1593,assembly_adjust,354.82,tolerance_stackup,2023-10-22
RWK-00234,P-1460,retest_only,95.33,tolerance_stackup,2023-02-18
RWK-00235,P-0022,assembly_adjust,67.86,design_error,2024-04-02
RWK-00236,P-0399,assembly_adjust,639.21,tolerance_stackup,2023-01-12
RWK-00237,P-1774,assembly_adjust,56.29,tolerance_stackup,2024-01-18
RWK-00238,P-2940,rework_machining,56.46,tolerance_stackup,2024-01-15
RWK-00239,P-1744,scrap_replace,55.55,tolerance_stackup,2024-07-07
RWK-00240,P-2800,assembly_adjust,347.44,tolerance_stackup,2024-07-02
RWK-00241,P-2978,assembly_adjust,146.21,design_error,2024-11-18
RWK-00242,P-2062,assembly_adjust,144.83,design_error,2025-03-08
RWK-00243,P-1782,rework_machining,120.77,tolerance_stackup,2024-04-10
RWK-00244,P-1753,scrap_replace,59.68,material_defect,2024-06-27
RWK-00245,P-0610,assembly_adjust,67.3,material_defect,2024-04-16
RWK-00246,P-0503,scrap_replace,37.78,tolerance_stackup,2024-03-19
RWK-00247,P-0915,scrap_replace,63.02,design_error,2024-06-29
RWK-00248,P-1011,rework_machining,116.09,supplier_quality,2023-06-10
RWK-00249,P-0850,scrap_replace,75.5,design_error,2023-01-30
RWK-00250,P-0582,assembly_adjust,186.48,supplier_quality,2023-05-24
RWK-00251,P-2264,scrap_replace,114.01,tolerance_stackup,2023-06-04
RWK-00252,P-1134,assembly_adjust,106.79,tolerance_stackup,2024-07-10
RWK-00253,P-1761,retest_only,41.22,process_variation,2023-04-08
RWK-00254,P-1206,rework_machining,29.85,material_defect,2023-11-19
RWK-00255,P-1329,assembly_adjust,32.67,process_variation,2023-04-07
RWK-00256,P-1290,rework_machining,239.62,material_defect,2023-05-22
RWK-00257,P-1743,rework_machining,19.02,supplier_quality,2024-08-07
RWK-00258,P-0701,scrap_replace,106.79,tolerance_stackup,2023-12-29
RWK-00259,P-2953,scrap_replace,106.85,tolerance_stackup,2025-01-09
RWK-00260,P-1819,assembly_adjust,48.63,tolerance_stackup,2024-10-31
RWK-00261,P-2092,assembly_adjust,87.15,material_defect,2023-08-14
RWK-00262,P-1052,scrap_replace,105.02,design_error,2023-03-12
RWK-00263,P-2579,rework_machining,31.83,process_variation,2025-05-26
RWK-00264,P-1116,retest_only,44.23,tolerance_stackup,2023-05-02
RWK-00265,P-2501,retest_only,79.78,tolerance_stackup,2024-09-12
RWK-00266,P-0687,rework_machining,82.03,tolerance_stackup,2024-06-16
RWK-00267,P-2509,retest_only,25.03,supplier_quality,2025-01-16
RWK-00268,P-2858,retest_only,90.28,process_variation,2024-05-15
RWK-00269,P-0615,rework_machining,93.41,tolerance_stackup,2023-01-08
RWK-00270,P-0094,scrap_replace,205.25,material_defect,2023-05-21
RWK-00271,P-2470,rework_machining,81.88,design_error,2025-01-25
RWK-00272,P-1765,scrap_replace,58.07,supplier_quality,2024-07-01
RWK-00273,P-0741,rework_machining,166.56,tolerance_stackup,2024-12-01
RWK-00274,P-1620,rework_machining,227.48,tolerance_stackup,2024-07-29
RWK-00275,P-2955,scrap_replace,24.0,tolerance_stackup,2025-06-13
RWK-00276,P-2828,rework_machining,52.03,supplier_quality,2023-03-17
RWK-00277,P-0944,scrap_replace,12.42,supplier_quality,2023-03-16
RWK-00278,P-2074,retest_only,35.04,tolerance_stackup,2024-10-22
RWK-00279,P-1552,assembly_adjust,316.47,design_error,2023-02-08
RWK-00280,P-0880,assembly_adjust,31.61,material_defect,2023-04-13
RWK-00281,P-0434,rework_machining,126.25,tolerance_stackup,2024-10-21
RWK-00282,P-0385,scrap_replace,120.03,tolerance_stackup,2024-11-21
RWK-00283,P-0065,rework_machining,49.05,tolerance_stackup,2025-02-07
RWK-00284,P-1930,scrap_replace,55.11,process_variation,2023-08-08
RWK-00285,P-0831,assembly_adjust,290.39,supplier_quality,2024-09-02
RWK-00286,P-1770,scrap_replace,193.86,tolerance_stackup,2023-07-25
RWK-00287,P-2270,scrap_replace,621.13,tolerance_stackup,2025-06-22
RWK-00288,P-0015,scrap_replace,8.32,design_error,2024-09-01
RWK-00289,P-1342,rework_machining,134.1,design_error,2024-12-01
RWK-00290,P-0834,rework_machining,9.7,tolerance_stackup,2024-08-25
RWK-00291,P-1858,rework_machining,79.87,tolerance_stackup,2025-06-16
RWK-00292,P-0436,retest_only,67.69,tolerance_stackup,2023-09-03
RWK-00293,P-1725,retest_only,29.43,tolerance_stackup,2024-11-25
RWK-00294,P-1771,rework_machining,47.87,process_variation,2025-05-28
RWK-00295,P-1934,scrap_replace,63.0,design_error,2023-07-12
RWK-00296,P-0308,rework_machining,122.22,supplier_quality,2023-12-20
RWK-00297,P-2940,scrap_replace,29.38,process_variation,2024-10-03
RWK-00298,P-1321,rework_machining,42.44,design_error,2024-01-04
RWK-00299,P-1391,retest_only,131.56,process_variation,2024-10-01
RWK-00300,P-2157,rework_machining,157.43,tolerance_stackup,2023-07-02
RWK-00301,P-2782,scrap_replace,878.71,material_defect,2023-03-10
RWK-00302,P-2061,rework_machining,95.8,supplier_quality,2023-02-22
RWK-00303,P-2011,scrap_replace,145.6,material_defect,2023-06-21
RWK-00304,P-2092,rework_machining,67.28,design_error,2025-01-15
RWK-00305,P-2046,rework_machining,290.91,material_defect,2024-09-07
RWK-00306,P-1635,retest_only,35.56,tolerance_stackup,2023-11-01
RWK-00307,P-1563,scrap_replace,77.5,tolerance_stackup,2024-09-03
RWK-00308,P-1447,assembly_adjust,103.19,tolerance_stackup,2024-03-22
RWK-00309,P-2291,scrap_replace,127.76,tolerance_stackup,2023-06-09
RWK-00310,P-1418,rework_machining,191.14,process_variation,2024-12-14
RWK-00311,P-0415,retest_only,68.53,material_defect,2023-02-05
RWK-00312,P-1482,rework_machining,183.79,process_variation,2023-04-08
RWK-00313,P-1924,assembly_adjust,23.04,material_defect,2023-08-24
RWK-00314,P-1707,retest_only,103.25,process_variation,2024-07-16
RWK-00315,P-1871,scrap_replace,15.05,tolerance_stackup,2023-11-20
RWK-00316,P-1158,scrap_replace,67.14,tolerance_stackup,2023-11-27
RWK-00317,P-0529,rework_machining,781.12,design_error,2024-05-05
RWK-00318,P-2164,rework_machining,104.56,tolerance_stackup,2025-01-30
RWK-00319,P-0107,rework_machining,53.56,process_variation,2023-10-26
RWK-00320,P-0775,assembly_adjust,130.76,design_error,2023-12-21
RWK-00321,P-2807,retest_only,78.84,supplier_quality,2023-02-04
RWK-00322,P-1120,assembly_adjust,29.9,tolerance_stackup,2025-05-17
RWK-00323,P-1020,rework_machining,15.64,supplier_quality,2025-02-06
RWK-00324,P-0378,rework_machining,81.36,process_variation,2023-12-06
RWK-00325,P-0763,rework_machining,69.06,process_variation,2025-02-10
RWK-00326,P-1036,retest_only,65.47,design_error,2023-01-29
RWK-00327,P-0855,rework_machining,175.83,design_error,2023-03-08
RWK-00328,P-0757,scrap_replace,287.98,process_variation,2024-05-12
RWK-00329,P-2800,retest_only,160.82,supplier_quality,2024-05-21
RWK-00330,P-1691,retest_only,61.93,tolerance_stackup,2023-04-28
RWK-00331,P-0140,rework_machining,94.52,material_defect,2024-04-10
RWK-00332,P-2803,retest_only,228.08,tolerance_stackup,2023-05-07
RWK-00333,P-2429,rework_machining,186.85,design_error,2024-02-18
RWK-00334,P-0306,assembly_adjust,142.36,material_defect,2024-03-14
RWK-00335,P-0712,rework_machining,54.81,tolerance_stackup,2023-07-09
RWK-00336,P-0582,rework_machining,228.91,tolerance_stackup,2023-09-19
RWK-00337,P-2079,assembly_adjust,302.11,tolerance_stackup,2024-04-14
RWK-00338,P-1819,scrap_replace,188.29,tolerance_stackup,2024-05-09
RWK-00339,P-2303,retest_only,1272.7,tolerance_stackup,2025-06-13
RWK-00340,P-1543,scrap_replace,176.63,tolerance_stackup,2024-08-22
RWK-00341,P-0930,scrap_replace,252.81,design_error,2024-11-14
RWK-00342,P-0735,scrap_replace,160.23,design_error,2025-03-30
RWK-00343,P-2003,assembly_adjust,80.11,tolerance_stackup,2023-12-12
RWK-00344,P-1136,rework_machining,31.24,tolerance_stackup,2023-09-19
RWK-00345,P-1215,assembly_adjust,45.04,tolerance_stackup,2024-06-17
RWK-00346,P-0636,rework_machining,45.47,tolerance_stackup,2024-04-09
RWK-00347,P-2362,rework_machining,30.33,tolerance_stackup,2024-08-06
RWK-00348,P-1841,rework_machining,69.55,tolerance_stackup,2024-11-23
RWK-00349,P-0670,rework_machining,90.28,tolerance_stackup,2024-07-04
RWK-00350,P-1267,rework_machining,263.02,material_defect,2024-06-14
RWK-00351,P-2120,assembly_adjust,30.43,tolerance_stackup,2025-01-13
RWK-00352,P-2080,scrap_replace,200.88,design_error,2023-11-25
RWK-00353,P-1366,rework_machining,114.59,process_variation,2023-06-15
RWK-00354,P-1979,scrap_replace,126.33,tolerance_stackup,2023-03-20
RWK-00355,P-1883,assembly_adjust,82.55,tolerance_stackup,2023-06-05
RWK-00356,P-0258,assembly_adjust,591.53,material_defect,2023-06-22
RWK-00357,P-1765,scrap_replace,44.36,tolerance_stackup,2024-02-07
RWK-00358,P-0139,scrap_replace,54.46,design_error,2023-02-03
RWK-00359,P-2401,scrap_replace,100.08,material_defect,2024-12-04
RWK-00360,P-2480,scrap_replace,128.51,supplier_quality,2024-07-13
RWK-00361,P-0150,assembly_adjust,110.21,supplier_quality,2023-08-23
RWK-00362,P-1011,scrap_replace,86.06,tolerance_stackup,2024-04-05
RWK-00363,P-2352,assembly_adjust,144.57,process_variation,2023-03-20
RWK-00364,P-2001,assembly_adjust,154.69,tolerance_stackup,2023-09-30
RWK-00365,P-1169,scrap_replace,86.94,design_error,2024-03-14
RWK-00366,P-0798,retest_only,470.16,design_error,2025-05-14
RWK-00367,P-0906,retest_only,133.95,tolerance_stackup,2024-08-15
RWK-00368,P-0371,scrap_replace,70.25,design_error,2024-04-01
RWK-00369,P-2996,assembly_adjust,275.64,process_variation,2025-06-25
RWK-00370,P-2042,retest_only,14.49,tolerance_stackup,2025-06-19
RWK-00371,P-1662,scrap_replace,32.7,material_defect,2024-05-01
RWK-00372,P-2958,retest_only,74.92,supplier_quality,2023-12-01
RWK-00373,P-1126,rework_machining,31.18,tolerance_stackup,2023-11-26
RWK-00374,P-2613,retest_only,185.49,tolerance_stackup,2024-07-20
RWK-00375,P-2674,assembly_adjust,179.89,tolerance_stackup,2024-12-16
RWK-00376,P-0368,rework_machining,390.72,tolerance_stackup,2023-10-10
RWK-00377,P-2975,rework_machining,53.52,tolerance_stackup,2025-02-11
RWK-00378,P-2252,assembly_adjust,150.02,design_error,2025-04-28
RWK-00379,P-1049,rework_machining,284.79,material_defect,2024-05-30
RWK-00380,P-1223,rework_machining,104.2,process_variation,2023-08-22
RWK-00381,P-0212,rework_machining,218.61,tolerance_stackup,2023-09-28
RWK-00382,P-2355,rework_machining,82.27,material_defect,2023-06-28
RWK-00383,P-0937,rework_machining,293.9,process_variation,2023-08-29
RWK-00384,P-1042,scrap_replace,45.38,material_defect,2024-08-02
RWK-00385,P-1568,scrap_replace,22.28,design_error,2023-02-16
RWK-00386,P-1537,scrap_replace,64.01,design_error,2023-10-24
RWK-00387,P-0626,assembly_adjust,83.17,process_variation,2025-02-09
RWK-00388,P-0029,rework_machining,133.46,tolerance_stackup,2025-03-04
RWK-00389,P-2143,retest_only,135.09,tolerance_stackup,2023-03-10
RWK-00390,P-1324,retest_only,47.54,tolerance_stackup,2023-04-21
RWK-00391,P-2157,retest_only,36.65,design_error,2023-08-02
RWK-00392,P-1175,rework_machining,389.08,material_defect,2023-02-25
RWK-00393,P-1131,retest_only,79.52,design_error,2024-05-31
RWK-00394,P-2727,assembly_adjust,58.67,tolerance_stackup,2023-01-25
RWK-00395,P-0823,scrap_replace,119.94,supplier_quality,2023-08-12
RWK-00396,P-1159,retest_only,37.61,design_error,2023-10-04
RWK-00397,P-1077,rework_machining,47.3,tolerance_stackup,2025-03-08
RWK-00398,P-0590,scrap_replace,183.59,material_defect,2025-01-03
RWK-00399,P-0613,rework_machining,36.12,tolerance_stackup,2024-11-10
RWK-00400,P-2842,rework_machining,27.21,supplier_quality,2025-04-19
RWK-00401,P-0293,assembly_adjust,65.36,material_defect,2025-06-13
RWK-00402,P-2135,assembly_adjust,113.65,design_error,2025-04-01
RWK-00403,P-0347,assembly_adjust,310.2,design_error,2025-05-08
RWK-00404,P-0481,scrap_replace,122.3,tolerance_stackup,2025-04-27
RWK-00405,P-2200,retest_only,143.24,design_error,2023-07-18
RWK-00406,P-1905,scrap_replace,35.86,design_error,2023-09-29
RWK-00407,P-1076,rework_machining,106.5,tolerance_stackup,2024-03-08
RWK-00408,P-0742,rework_machining,32.87,material_defect,2024-05-17
RWK-00409,P-1269,rework_machining,205.18,design_error,2024-02-18
RWK-00410,P-2619,assembly_adjust,99.7,tolerance_stackup,2023-11-15
RWK-00411,P-2179,rework_machining,85.92,tolerance_stackup,2024-02-03
RWK-00412,P-2694,rework_machining,141.9,tolerance_stackup,2024-10-04
RWK-00413,P-0884,scrap_replace,57.88,supplier_quality,2024-11-08
RWK-00414,P-1413,rework_machining,58.18,design_error,2025-04-06
RWK-00415,P-2013,scrap_replace,38.25,supplier_quality,2025-01-01
RWK-00416,P-2613,retest_only,447.19,material_defect,2023-05-31
RWK-00417,P-1842,retest_only,73.33,tolerance_stackup,2023-07-03
RWK-00418,P-0138,retest_only,67.73,tolerance_stackup,2024-03-14
RWK-00419,P-1352,assembly_adjust,168.07,design_error,2025-02-25
RWK-00420,P-2579,retest_only,90.97,tolerance_stackup,2024-02-13
RWK-00421,P-2368,scrap_replace,11.14,material_defect,2023-04-27
RWK-00422,P-2871,rework_machining,555.84,process_variation,2025-04-06
RWK-00423,P-2246,retest_only,58.46,design_error,2024-06-22
RWK-00424,P-0489,assembly_adjust,42.28,process_variation,2025-03-17
RWK-00425,P-0610,scrap_replace,77.76,supplier_quality,2023-11-25
RWK-00426,P-1051,rework_machining,56.57,tolerance_stackup,2025-02-22
RWK-00427,P-0350,scrap_replace,57.56,design_error,2023-02-19
RWK-00428,P-2087,scrap_replace,99.95,design_error,2024-11-09
RWK-00429,P-1090,assembly_adjust,16.88,tolerance_stackup,2025-06-14
RWK-00430,P-0594,scrap_replace,174.39,tolerance_stackup,2025-04-14
RWK-00431,P-0713,scrap_replace,212.46,tolerance_stackup,2024-02-24
RWK-00432,P-2826,rework_machining,19.68,process_variation,2025-06-26
RWK-00433,P-2312,assembly_adjust,135.64,process_variation,2025-06-16
RWK-00434,P-0987,assembly_adjust,41.66,tolerance_stackup,2023-04-29
RWK-00435,P-2352,rework_machining,60.7,tolerance_stackup,2024-03-21
RWK-00436,P-2769,rework_machining,123.54,process_variation,2025-04-09
RWK-00437,P-2311,rework_machining,196.33,process_variation,2025-03-05
RWK-00438,P-1181,assembly_adjust,121.26,tolerance_stackup,2024-05-17
RWK-00439,P-0539,rework_machining,25.78,process_variation,2023-08-08
RWK-00440,P-2366,scrap_replace,95.37,process_variation,2023-09-02
RWK-00441,P-0160,rework_machining,139.84,tolerance_stackup,2023-03-25
RWK-00442,P-0883,retest_only,44.91,design_error,2024-06-02
RWK-00443,P-0236,assembly_adjust,42.05,tolerance_stackup,2023-01-25
RWK-00444,P-0749,scrap_replace,84.41,tolerance_stackup,2024-03-27
RWK-00445,P-0968,rework_machining,150.85,design_error,2023-06-09
RWK-00446,P-1109,rework_machining,54.05,tolerance_stackup,2024-05-07
RWK-00447,P-0433,rework_machining,111.76,process_variation,2023-02-21
RWK-00448,P-1857,scrap_replace,28.95,design_error,2023-12-05
RWK-00449,P-2890,rework_machining,114.83,process_variation,2023-11-11
RWK-00450,P-0351,assembly_adjust,17.47,design_error,2024-08-10
RWK-00451,P-2136,retest_only,118.97,material_defect,2024-09-11
RWK-00452,P-0547,rework_machining,198.99,material_defect,2024-09-08
RWK-00453,P-1947,retest_only,77.46,tolerance_stackup,2024-03-23
RWK-00454,P-0495,scrap_replace,148.66,tolerance_stackup,2023-02-26
RWK-00455,P-2664,rework_machining,112.25,tolerance_stackup,2025-04-01
RWK-00456,P-0063,rework_machining,26.06,material_defect,2024-12-01
RWK-00457,P-0661,rework_machining,31.09,process_variation,2024-08-30
RWK-00458,P-1980,scrap_replace,64.99,tolerance_stackup,2024-05-10
RWK-00459,P-2035,rework_machining,78.75,tolerance_stackup,2024-05-30
RWK-00460,P-1388,scrap_replace,44.51,process_variation,2025-03-06
RWK-00461,P-0743,assembly_adjust,30.02,design_error,2023-10-10
RWK-00462,P-1883,scrap_replace,6.88,tolerance_stackup,2024-08-15
RWK-00463,P-2977,rework_machining,405.95,tolerance_stackup,2025-06-22
RWK-00464,P-1935,assembly_adjust,417.48,tolerance_stackup,2025-06-23
RWK-00465,P-0541,rework_machining,42.08,tolerance_stackup,2024-11-17
RWK-00466,P-2756,assembly_adjust,24.62,material_defect,2024-11-06
RWK-00467,P-2145,assembly_adjust,333.45,tolerance_stackup,2023-04-15
RWK-00468,P-1813,assembly_adjust,13.36,process_variation,2024-02-07
RWK-00469,P-0538,scrap_replace,227.03,material_defect,2025-01-30
RWK-00470,P-0910,retest_only,159.67,tolerance_stackup,2023-08-06
RWK-00471,P-1452,rework_machining,65.72,supplier_quality,2023-11-08
RWK-00472,P-1800,scrap_replace,315.36,supplier_quality,2024-07-30
RWK-00473,P-1071,assembly_adjust,49.71,supplier_quality,2025-05-29
RWK-00474,P-1960,retest_only,191.8,tolerance_stackup,2024-03-28
RWK-00475,P-0497,assembly_adjust,71.9,material_defect,2024-12-31
RWK-00476,P-2460,assembly_adjust,30.11,design_error,2024-01-29
RWK-00477,P-0517,retest_only,566.01,design_error,2024-08-18
RWK-00478,P-2871,scrap_replace,47.58,design_error,2025-01-23
RWK-00479,P-2176,scrap_replace,61.17,material_defect,2025-03-11
RWK-00480,P-2314,assembly_adjust,187.18,tolerance_stackup,2025-04-14
RWK-00481,P-1006,rework_machining,274.86,design_error,2025-02-26
RWK-00482,P-0956,scrap_replace,27.47,supplier_quality,2024-02-20
RWK-00483,P-2446,assembly_adjust,329.23,material_defect,2023-04-05
RWK-00484,P-2504,scrap_replace,89.51,supplier_quality,2023-01-29
RWK-00485,P-1770,retest_only,83.17,tolerance_stackup,2025-06-22
RWK-00486,P-1165,scrap_replace,77.42,material_defect,2025-03-11
RWK-00487,P-1689,assembly_adjust,88.67,material_defect,2023-09-25
RWK-00488,P-2116,rework_machining,22.12,design_error,2023-02-09
RWK-00489,P-2368,retest_only,129.79,tolerance_stackup,2024-06-15
RWK-00490,P-1368,retest_only,108.18,tolerance_stackup,2024-02-13
RWK-00491,P-2387,assembly_adjust,64.68,design_error,2024-03-25
RWK-00492,P-1946,rework_machining,108.32,tolerance_stackup,2023-10-29
RWK-00493,P-2527,scrap_replace,74.84,tolerance_stackup,2023-01-07
RWK-00494,P-2409,rework_machining,84.21,process_variation,2023-11-25
RWK-00495,P-1253,rework_machining,131.09,process_variation,2024-01-07
RWK-00496,P-2311,rework_machining,73.45,process_variation,2024-08-04
RWK-00497,P-1829,rework_machining,44.72,design_error,2023-08-02
RWK-00498,P-2002,retest_only,178.21,design_error,2025-02-17
RWK-00499,P-0688,assembly_adjust,34.21,design_error,2025-01-16
RWK-00500,P-2324,assembly_adjust,231.91,process_variation,2024-10-17
RWK-00501,P-0352,assembly_adjust,66.07,material_defect,2023-12-09
RWK-00502,P-0589,scrap_replace,197.98,tolerance_stackup,2024-02-01
RWK-00503,P-1068,retest_only,328.34,design_error,2025-05-06
RWK-00504,P-2286,scrap_replace,85.34,material_defect,2024-12-02
RWK-00505,P-1263,rework_machining,197.33,material_defect,2024-06-03
RWK-00506,P-1873,assembly_adjust,158.75,supplier_quality,2024-08-11
RWK-00507,P-2760,scrap_replace,106.11,tolerance_stackup,2025-06-06
RWK-00508,P-2139,assembly_adjust,154.85,process_variation,2024-03-22
RWK-00509,P-2495,rework_machining,69.97,process_variation,2023-11-24
RWK-00510,P-0403,scrap_replace,394.53,process_variation,2023-11-01
RWK-00511,P-0177,rework_machining,97.11,material_defect,2025-03-04
RWK-00512,P-0733,assembly_adjust,46.65,process_variation,2024-03-19
RWK-00513,P-2693,assembly_adjust,60.91,process_variation,2023-12-05
RWK-00514,P-2192,assembly_adjust,200.09,process_variation,2024-12-16
RWK-00515,P-1156,scrap_replace,39.32,design_error,2025-02-11
RWK-00516,P-2741,retest_only,494.13,tolerance_stackup,2024-09-15
RWK-00517,P-1981,rework_machining,291.5,design_error,2025-03-04
RWK-00518,P-2405,scrap_replace,29.72,design_error,2025-01-05
RWK-00519,P-0266,assembly_adjust,180.55,supplier_quality,2024-09-02
RWK-00520,P-2495,assembly_adjust,37.68,material_defect,2025-06-15
RWK-00521,P-1486,assembly_adjust,42.51,process_variation,2023-12-08
RWK-00522,P-0256,retest_only,59.02,material_defect,2025-06-02
RWK-00523,P-0111,scrap_replace,46.15,material_defect,2023-11-02
RWK-00524,P-1713,assembly_adjust,172.93,supplier_quality,2025-04-16
RWK-00525,P-1774,scrap_replace,113.1,tolerance_stackup,2024-09-22
RWK-00526,P-0549,assembly_adjust,131.68,process_variation,2024-11-17
RWK-00527,P-0942,scrap_replace,90.26,process_variation,2025-06-20
RWK-00528,P-1196,scrap_replace,55.98,supplier_quality,2025-06-22
RWK-00529,P-0028,retest_only,56.34,tolerance_stackup,2025-04-13
RWK-00530,P-2913,assembly_adjust,243.49,process_variation,2024-03-08
RWK-00531,P-2490,assembly_adjust,65.76,tolerance_stackup,2024-03-07
RWK-00532,P-0762,scrap_replace,316.11,tolerance_stackup,2023-05-11
RWK-00533,P-2530,rework_machining,50.81,tolerance_stackup,2023-12-14
RWK-00534,P-1843,scrap_replace,93.82,tolerance_stackup,2025-01-04
RWK-00535,P-0543,rework_machining,118.92,tolerance_stackup,2024-06-20
RWK-00536,P-2374,assembly_adjust,260.8,supplier_quality,2023-06-07
RWK-00537,P-0294,assembly_adjust,215.38,material_defect,2023-10-09
RWK-00538,P-1285,rework_machining,118.71,material_defect,2024-04-11
RWK-00539,P-2266,scrap_replace,96.28,process_variation,2023-09-23
RWK-00540,P-2694,retest_only,39.73,process_variation,2025-03-31
RWK-00541,P-0882,rework_machining,75.7,supplier_quality,2025-01-15
RWK-00542,P-1824,scrap_replace,689.83,process_variation,2024-12-14
RWK-00543,P-2524,rework_machining,37.99,process_variation,2025-01-15
RWK-00544,P-2596,scrap_replace,54.26,tolerance_stackup,2023-10-15
RWK-00545,P-0011,scrap_replace,25.95,material_defect,2023-05-17
RWK-00546,P-0290,scrap_replace,45.95,design_error,2023-08-01
RWK-00547,P-0572,assembly_adjust,31.04,tolerance_stackup,2023-05-16
RWK-00548,P-0034,scrap_replace,29.87,tolerance_stackup,2024-07-07
RWK-00549,P-2683,rework_machining,120.37,design_error,2023-08-06
RWK-00550,P-0196,assembly_adjust,173.71,supplier_quality,2024-11-19
RWK-00551,P-2754,rework_machining,123.64,design_error,2025-01-07
RWK-00552,P-0939,assembly_adjust,35.89,process_variation,2024-11-26
RWK-00553,P-0225,scrap_replace,19.77,tolerance_stackup,2023-10-05
RWK-00554,P-1148,rework_machining,14.29,tolerance_stackup,2024-11-27
RWK-00555,P-2188,rework_machining,30.05,process_variation,2023-06-17
RWK-00556,P-0407,assembly_adjust,35.75,tolerance_stackup,2023-01-03
RWK-00557,P-2865,rework_machining,59.56,material_defect,2024-09-10
RWK-00558,P-0537,retest_only,113.98,tolerance_stackup,2024-09-29
RWK-00559,P-2699,scrap_replace,63.55,tolerance_stackup,2024-12-26
RWK-00560,P-0037,assembly_adjust,374.65,design_error,2024-08-21
RWK-00561,P-2212,scrap_replace,717.7,material_defect,2024-03-22
RWK-00562,P-1476,retest_only,81.79,tolerance_stackup,2024-01-01
RWK-00563,P-2307,rework_machining,16.08,process_variation,2024-10-04
RWK-00564,P-1984,scrap_replace,55.52,tolerance_stackup,2025-06-27
RWK-00565,P-0591,retest_only,70.8,material_defect,2024-01-18
RWK-00566,P-0140,rework_machining,166.9,material_defect,2024-02-13
RWK-00567,P-1228,assembly_adjust,27.05,design_error,2023-08-10
RWK-00568,P-1752,retest_only,20.89,design_error,2023-03-05
RWK-00569,P-2546,retest_only,113.96,tolerance_stackup,2024-10-15
RWK-00570,P-0715,assembly_adjust,55.03,design_error,2023-02-24
RWK-00571,P-0927,rework_machining,54.25,design_error,2023-02-26
RWK-00572,P-1038,scrap_replace,40.78,tolerance_stackup,2024-01-23
RWK-00573,P-2174,assembly_adjust,62.59,tolerance_stackup,2024-08-18
RWK-00574,P-0380,rework_machining,107.68,material_defect,2024-07-14
RWK-00575,P-1582,assembly_adjust,10.35,process_variation,2025-06-17
RWK-00576,P-1784,retest_only,91.35,tolerance_stackup,2025-06-28
RWK-00577,P-1582,assembly_adjust,167.14,process_variation,2023-12-04
RWK-00578,P-1645,scrap_replace,134.62,design_error,2024-02-01
RWK-00579,P-1314,assembly_adjust,599.74,tolerance_stackup,2023-10-12
RWK-00580,P-2961,rework_machining,60.72,design_error,2024-06-05
RWK-00581,P-1368,assembly_adjust,82.8,process_variation,2024-07-03
RWK-00582,P-2510,scrap_replace,283.21,supplier_quality,2025-02-06
RWK-00583,P-1676,assembly_adjust,94.5,design_error,2023-11-12
RWK-00584,P-1850,scrap_replace,348.95,design_error,2024-10-07
RWK-00585,P-2439,scrap_replace,187.76,design_error,2023-04-23
RWK-00586,P-2949,rework_machining,102.46,design_error,2025-04-09
RWK-00587,P-0430,assembly_adjust,89.09,design_error,2023-04-06
RWK-00588,P-1758,retest_only,72.88,tolerance_stackup,2024-08-04
RWK-00589,P-0553,scrap_replace,87.25,material_defect,2023-05-10
RWK-00590,P-0135,assembly_adjust,42.06,design_error,2025-05-03
RWK-00591,P-2697,assembly_adjust,165.61,material_defect,2025-02-17
RWK-00592,P-2984,assembly_adjust,504.15,material_defect,2024-08-06
RWK-00593,P-2079,retest_only,17.63,process_variation,2024-01-16
RWK-00594,P-1232,retest_only,260.07,tolerance_stackup,2023-04-27
RWK-00595,P-2270,retest_only,111.92,supplier_quality,2025-05-29
RWK-00596,P-2965,scrap_replace,230.44,material_defect,2023-11-09
RWK-00597,P-2752,rework_machining,53.07,material_defect,2023-04-16
RWK-00598,P-2586,scrap_replace,76.46,material_defect,2024-02-26
RWK-00599,P-1561,scrap_replace,281.18,tolerance_stackup,2023-02-24
RWK-00600,P-0653,rework_machining,86.11,tolerance_stackup,2024-12-29
RWK-00601,P-0404,assembly_adjust,189.14,material_defect,2024-01-21
RWK-00602,P-0214,retest_only,53.01,supplier_quality,2023-09-28
RWK-00603,P-1040,assembly_adjust,75.3,process_variation,2023-08-23
RWK-00604,P-0114,scrap_replace,142.36,tolerance_stackup,2024-03-24
RWK-00605,P-2039,scrap_replace,129.57,design_error,2023-03-18
RWK-00606,P-2474,retest_only,189.46,design_error,2023-07-24
RWK-00607,P-2395,scrap_replace,66.23,design_error,2023-10-30
RWK-00608,P-0256,rework_machining,90.02,tolerance_stackup,2023-12-07
RWK-00609,P-0605,retest_only,215.35,material_defect,2023-01-13
RWK-00610,P-2908,assembly_adjust,329.76,design_error,2023-09-12
RWK-00611,P-2994,rework_machining,42.3,process_variation,2023-12-13
RWK-00612,P-2919,scrap_replace,262.23,tolerance_stackup,2025-05-04
RWK-00613,P-2779,scrap_replace,45.07,supplier_quality,2025-03-21
RWK-00614,P-0441,retest_only,108.53,process_variation,2025-04-02
RWK-00615,P-2374,scrap_replace,116.04,design_error,2023-06-14
RWK-00616,P-0642,scrap_replace,58.06,process_variation,2024-10-26
RWK-00617,P-0785,scrap_replace,76.72,material_defect,2023-01-05
RWK-00618,P-1491,retest_only,18.32,design_error,2023-04-22
RWK-00619,P-2412,rework_machining,172.83,design_error,2023-01-25
RWK-00620,P-1341,assembly_adjust,70.12,design_error,2025-05-07
RWK-00621,P-0682,rework_machining,86.69,tolerance_stackup,2023-10-02
RWK-00622,P-2738,rework_machining,53.78,tolerance_stackup,2023-05-23
RWK-00623,P-0878,assembly_adjust,173.34,process_variation,2023-04-14
RWK-00624,P-2322,assembly_adjust,106.35,tolerance_stackup,2023-02-19
RWK-00625,P-2300,assembly_adjust,32.0,material_defect,2023-04-04
RWK-00626,P-0276,scrap_replace,81.35,process_variation,2023-02-10
RWK-00627,P-1350,assembly_adjust,35.46,design_error,2024-06-23
RWK-00628,P-0400,scrap_replace,91.68,process_variation,2023-09-12
RWK-00629,P-2171,rework_machining,166.42,process_variation,2025-05-23
RWK-00630,P-2233,scrap_replace,107.06,tolerance_stackup,2023-05-27
RWK-00631,P-0928,rework_machining,133.08,tolerance_stackup,2023-06-22
RWK-00632,P-2053,scrap_replace,233.08,design_error,2023-06-05
RWK-00633,P-1265,scrap_replace,43.09,supplier_quality,2023-11-08
RWK-00634,P-1693,rework_machining,60.66,material_defect,2023-09-16
RWK-00635,P-2065,scrap_replace,17.82,tolerance_stackup,2025-05-24
RWK-00636,P-2516,assembly_adjust,63.97,design_error,2025-03-13
RWK-00637,P-1497,scrap_replace,51.83,material_defect,2023-03-23
RWK-00638,P-2111,rework_machining,162.16,design_error,2025-04-03
RWK-00639,P-0849,retest_only,136.35,tolerance_stackup,2025-06-14
RWK-00640,P-1416,assembly_adjust,347.51,process_variation,2025-04-04
RWK-00641,P-0265,rework_machining,57.32,material_defect,2025-04-08
RWK-00642,P-1465,scrap_replace,128.63,process_variation,2024-12-13
RWK-00643,P-1131,scrap_replace,175.26,tolerance_stackup,2023-09-04
RWK-00644,P-2772,retest_only,707.81,tolerance_stackup,2024-08-23
RWK-00645,P-0802,assembly_adjust,133.22,tolerance_stackup,2023-08-07
RWK-00646,P-2988,assembly_adjust,86.21,material_defect,2024-06-20
RWK-00647,P-0636,rework_machining,100.79,supplier_quality,2023-01-07
RWK-00648,P-1811,rework_machining,136.83,process_variation,2025-06-23
RWK-00649,P-1004,retest_only,309.84,tolerance_stackup,2023-01-02
RWK-00650,P-2705,scrap_replace,61.38,design_error,2023-10-12
RWK-00651,P-1465,rework_machining,47.47,design_error,2023-04-05
RWK-00652,P-0805,scrap_replace,953.1,tolerance_stackup,2024-10-30
RWK-00653,P-0510,assembly_adjust,32.65,material_defect,2024-07-23
RWK-00654,P-2245,rework_machining,194.43,tolerance_stackup,2023-03-01
RWK-00655,P-2680,scrap_replace,130.92,process_variation,2024-06-15
RWK-00656,P-2304,rework_machining,120.27,design_error,2023-03-21
RWK-00657,P-1572,scrap_replace,29.82,tolerance_stackup,2024-09-01
RWK-00658,P-2771,retest_only,1030.88,process_variation,2024-06-16
RWK-00659,P-1556,scrap_replace,105.51,process_variation,2023-02-17
RWK-00660,P-0670,assembly_adjust,56.62,process_variation,2025-02-18
RWK-00661,P-0707,rework_machining,27.2,tolerance_stackup,2023-03-10
RWK-00662,P-1941,assembly_adjust,14.74,design_error,2025-03-31
RWK-00663,P-2446,scrap_replace,169.65,tolerance_stackup,2024-10-02
RWK-00664,P-2101,scrap_replace,42.36,supplier_quality,2023-01-26
RWK-00665,P-0372,scrap_replace,70.72,design_error,2023-11-11
RWK-00666,P-1399,scrap_replace,52.34,process_variation,2023-09-16
RWK-00667,P-0190,assembly_adjust,146.06,tolerance_stackup,2025-04-05
RWK-00668,P-2770,assembly_adjust,127.81,tolerance_stackup,2025-02-17
RWK-00669,P-0313,rework_machining,177.13,design_error,2023-12-07
RWK-00670,P-2744,scrap_replace,183.31,material_defect,2024-05-16
RWK-00671,P-1087,rework_machining,47.26,tolerance_stackup,2023-07-07
RWK-00672,P-1769,rework_machining,26.79,design_error,2023-05-31
RWK-00673,P-2118,rework_machining,78.76,design_error,2023-08-26
RWK-00674,P-2502,scrap_replace,143.4,tolerance_stackup,2024-02-20
RWK-00675,P-2142,assembly_adjust,99.23,tolerance_stackup,2023-01-13
RWK-00676,P-1532,retest_only,16.74,process_variation,2024-12-18
RWK-00677,P-0799,scrap_replace,94.8,process_variation,2024-11-30
RWK-00678,P-0607,rework_machining,36.58,process_variation,2024-12-08
RWK-00679,P-2052,assembly_adjust,91.83,tolerance_stackup,2024-10-28
RWK-00680,P-1212,rework_machining,214.45,tolerance_stackup,2025-02-20
RWK-00681,P-2169,scrap_replace,9.54,design_error,2023-04-24
RWK-00682,P-2345,scrap_replace,349.47,tolerance_stackup,2023-01-20
RWK-00683,P-0763,rework_machining,35.11,tolerance_stackup,2024-01-19
RWK-00684,P-0066,rework_machining,220.59,tolerance_stackup,2023-10-08
RWK-00685,P-1517,rework_machining,191.89,design_error,2024-12-26
RWK-00686,P-0996,rework_machining,68.64,material_defect,2023-10-03
RWK-00687,P-0313,assembly_adjust,135.51,tolerance_stackup,2024-02-20
RWK-00688,P-1303,scrap_replace,47.88,design_error,2023-08-24
RWK-00689,P-1181,assembly_adjust,19.04,design_error,2025-01-28
RWK-00690,P-0682,scrap_replace,250.63,tolerance_stackup,2024-02-02
RWK-00691,P-1005,rework_machining,48.67,supplier_quality,2024-08-20
RWK-00692,P-0129,rework_machining,455.18,supplier_quality,2024-01-13
RWK-00693,P-2892,retest_only,199.28,tolerance_stackup,2024-10-17
RWK-00694,P-2156,scrap_replace,42.09,tolerance_stackup,2023-12-30
RWK-00695,P-0554,rework_machining,152.89,tolerance_stackup,2025-04-03
RWK-00696,P-1708,assembly_adjust,144.76,process_variation,2024-02-01
RWK-00697,P-1987,rework_machining,424.23,design_error,2023-11-05
RWK-00698,P-1605,scrap_replace,57.97,supplier_quality,2023-10-12
RWK-00699,P-1829,rework_machining,73.04,design_error,2024-12-25
RWK-00700,P-2608,rework_machining,132.95,tolerance_stackup,2025-06-11
RWK-00701,P-2672,scrap_replace,91.5,process_variation,2024-05-17
RWK-00702,P-0074,scrap_replace,25.76,process_variation,2024-06-03
RWK-00703,P-1562,scrap_replace,224.38,tolerance_stackup,2025-05-05
RWK-00704,P-1388,retest_only,379.31,tolerance_stackup,2024-02-26
RWK-00705,P-0117,rework_machining,103.34,supplier_quality,2025-02-12
RWK-00706,P-2729,scrap_replace,28.63,supplier_quality,2023-08-07
RWK-00707,P-2978,assembly_adjust,81.3,process_variation,2023-04-23
RWK-00708,P-2132,scrap_replace,39.71,tolerance_stackup,2023-08-21
RWK-00709,P-0836,assembly_adjust,71.29,tolerance_stackup,2023-04-11
RWK-00710,P-0194,scrap_replace,106.37,material_defect,2024-11-21
RWK-00711,P-0865,scrap_replace,162.46,tolerance_stackup,2023-05-08
RWK-00712,P-1831,retest_only,318.83,tolerance_stackup,2024-01-13
RWK-00713,P-0880,scrap_replace,158.29,tolerance_stackup,2024-11-14
RWK-00714,P-2235,scrap_replace,34.74,design_error,2023-10-24
RWK-00715,P-2948,assembly_adjust,166.28,material_defect,2025-03-07
RWK-00716,P-0646,scrap_replace,69.6,supplier_quality,2023-06-19
RWK-00717,P-2982,scrap_replace,77.04,tolerance_stackup,2024-10-22
RWK-00718,P-1517,assembly_adjust,88.89,supplier_quality,2025-06-23
RWK-00719,P-1268,assembly_adjust,101.65,design_error,2023-10-12
RWK-00720,P-0597,scrap_replace,223.93,process_variation,2023-11-26
RWK-00721,P-0217,scrap_replace,140.77,material_defect,2024-10-19
RWK-00722,P-2239,rework_machining,30.97,design_error,2023-06-25
RWK-00723,P-2025,assembly_adjust,23.29,process_variation,2024-07-27
RWK-00724,P-2303,retest_only,161.61,material_defect,2024-11-02
RWK-00725,P-0657,rework_machining,146.18,material_defect,2025-05-16
RWK-00726,P-2246,rework_machining,280.06,process_variation,2025-04-01
RWK-00727,P-1903,retest_only,82.38,design_error,2023-08-09
RWK-00728,P-1204,scrap_replace,115.82,tolerance_stackup,2024-11-19
RWK-00729,P-0524,assembly_adjust,138.34,tolerance_stackup,2024-12-17
RWK-00730,P-2007,scrap_replace,22.22,design_error,2023-12-05
RWK-00731,P-2739,scrap_replace,21.09,process_variation,2025-03-19
RWK-00732,P-2407,rework_machining,174.57,supplier_quality,2024-10-28
RWK-00733,P-2959,assembly_adjust,125.5,material_defect,2024-01-20
RWK-00734,P-0459,scrap_replace,302.49,material_defect,2023-10-18
RWK-00735,P-1960,scrap_replace,473.13,tolerance_stackup,2023-04-23
RWK-00736,P-1082,scrap_replace,68.69,process_variation,2024-03-19
RWK-00737,P-1048,retest_only,65.55,design_error,2023-03-21
RWK-00738,P-1024,assembly_adjust,26.55,design_error,2023-04-04
RWK-00739,P-1996,rework_machining,143.49,supplier_quality,2024-09-03
RWK-00740,P-2356,scrap_replace,14.12,process_variation,2023-09-17
RWK-00741,P-1671,rework_machining,37.59,process_variation,2024-06-03
RWK-00742,P-2104,retest_only,118.84,design_error,2024-04-07
RWK-00743,P-1072,rework_machining,49.75,tolerance_stackup,2024-05-31
RWK-00744,P-1516,assembly_adjust,86.27,design_error,2023-03-08
RWK-00745,P-0489,assembly_adjust,74.72,design_error,2024-05-26
RWK-00746,P-0152,assembly_adjust,33.09,process_variation,2024-10-29
RWK-00747,P-1378,assembly_adjust,14.02,process_variation,2024-12-29
RWK-00748,P-2934,rework_machining,169.03,supplier_quality,2024-01-11
RWK-00749,P-2778,scrap_replace,76.7,tolerance_stackup,2024-02-20
RWK-00750,P-2693,rework_machining,122.19,design_error,2024-04-27
RWK-00751,P-1109,rework_machining,85.4,process_variation,2024-08-06
RWK-00752,P-2254,rework_machining,84.04,design_error,2024-02-23
RWK-00753,P-2815,retest_only,104.29,tolerance_stackup,2024-08-12
RWK-00754,P-0177,rework_machining,75.71,process_variation,2024-10-08
RWK-00755,P-1352,rework_machining,66.37,tolerance_stackup,2024-10-31
RWK-00756,P-1131,rework_machining,36.43,design_error,2024-08-01
RWK-00757,P-2525,rework_machining,840.72,material_defect,2025-05-28
RWK-00758,P-1749,rework_machining,222.8,tolerance_stackup,2024-10-03
RWK-00759,P-2996,assembly_adjust,344.44,process_variation,2025-05-19
RWK-00760,P-0164,assembly_adjust,282.06,design_error,2023-07-31
RWK-00761,P-0961,scrap_replace,70.01,design_error,2024-08-15
RWK-00762,P-1673,retest_only,76.43,supplier_quality,2024-07-25
RWK-00763,P-0665,rework_machining,90.25,tolerance_stackup,2023-11-25
RWK-00764,P-2908,assembly_adjust,64.86,design_error,2024-04-19
RWK-00765,P-2088,scrap_replace,198.37,design_error,2024-01-07
RWK-00766,P-1834,assembly_adjust,43.29,tolerance_stackup,2023-03-09
RWK-00767,P-0412,rework_machining,34.46,design_error,2023-12-13
RWK-00768,P-2378,scrap_replace,28.03,design_error,2023-02-20
RWK-00769,P-2914,rework_machining,67.25,supplier_quality,2025-03-13
RWK-00770,P-2409,scrap_replace,58.87,design_error,2024-06-12
RWK-00771,P-1709,assembly_adjust,51.58,material_defect,2024-06-29
RWK-00772,P-2061,rework_machining,97.06,material_defect,2024-06-15
RWK-00773,P-1612,retest_only,31.52,tolerance_stackup,2023-12-02
RWK-00774,P-0106,retest_only,175.57,tolerance_stackup,2024-12-04
RWK-00775,P-2614,scrap_replace,33.54,design_error,2024-01-05
RWK-00776,P-0708,retest_only,31.33,material_defect,2024-11-27
RWK-00777,P-0963,scrap_replace,50.43,design_error,2024-03-10
RWK-00778,P-2754,rework_machining,79.5,tolerance_stackup,2024-02-19
RWK-00779,P-2246,retest_only,195.29,process_variation,2023-09-05
RWK-00780,P-1664,rework_machining,84.17,material_defect,2024-01-26
RWK-00781,P-0774,rework_machining,21.24,supplier_quality,2023-08-05
RWK-00782,P-2470,rework_machining,139.6,process_variation,2023-12-20
RWK-00783,P-1617,assembly_adjust,137.21,process_variation,2023-11-23
RWK-00784,P-1651,rework_machining,53.39,design_error,2025-05-07
RWK-00785,P-0575,assembly_adjust,104.98,supplier_quality,2023-12-17
RWK-00786,P-1328,assembly_adjust,327.38,material_defect,2024-09-19
RWK-00787,P-1084,retest_only,41.36,tolerance_stackup,2023-11-07
RWK-00788,P-0901,retest_only,213.67,process_variation,2023-11-14
RWK-00789,P-1437,rework_machining,281.18,tolerance_stackup,2023-11-30
RWK-00790,P-2520,scrap_replace,105.45,process_variation,2024-10-02
RWK-00791,P-0973,retest_only,29.78,supplier_quality,2023-07-05
RWK-00792,P-0747,rework_machining,291.84,tolerance_stackup,2024-05-06
RWK-00793,P-2648,retest_only,205.28,tolerance_stackup,2024-04-04
RWK-00794,P-2322,assembly_adjust,147.46,process_variation,2024-06-07
RWK-00795,P-1709,retest_only,85.87,process_variation,2023-03-25
RWK-00796,P-2050,rework_machining,255.1,material_defect,2025-04-12
RWK-00797,P-0256,rework_machining,41.89,design_error,2023-09-01
RWK-00798,P-2218,retest_only,194.69,process_variation,2024-07-05
RWK-00799,P-2674,rework_machining,67.39,material_defect,2023-10-24
RWK-00800,P-1435,retest_only,19.91,process_variation,2025-04-04
RWK-00801,P-2523,rework_machining,36.45,design_error,2025-06-04
RWK-00802,P-1722,scrap_replace,129.48,design_error,2024-04-27
RWK-00803,P-0103,assembly_adjust,109.94,material_defect,2025-03-18
RWK-00804,P-0035,retest_only,134.15,material_defect,2024-11-28
RWK-00805,P-0384,scrap_replace,64.69,tolerance_stackup,2025-05-28
RWK-00806,P-2895,scrap_replace,108.84,tolerance_stackup,2024-04-25
RWK-00807,P-2873,rework_machining,158.05,process_variation,2024-08-04
RWK-00808,P-0118,rework_machining,752.91,material_defect,2024-05-29
RWK-00809,P-1123,assembly_adjust,63.25,tolerance_stackup,2024-10-16
RWK-00810,P-2844,assembly_adjust,226.39,design_error,2024-01-27
RWK-00811,P-1672,retest_only,161.09,process_variation,2024-01-15
RWK-00812,P-2379,rework_machining,100.52,tolerance_stackup,2024-08-21
RWK-00813,P-0619,rework_machining,27.9,material_defect,2025-03-27
RWK-00814,P-0313,assembly_adjust,314.47,design_error,2023-03-03
RWK-00815,P-1010,scrap_replace,112.61,supplier_quality,2025-05-06
RWK-00816,P-2086,assembly_adjust,52.89,process_variation,2024-09-13
RWK-00817,P-2800,rework_machining,40.61,process_variation,2023-01-21
RWK-00818,P-2345,assembly_adjust,113.85,process_variation,2024-04-20
RWK-00819,P-1245,scrap_replace,38.7,supplier_quality,2025-04-15
RWK-00820,P-1134,assembly_adjust,53.96,tolerance_stackup,2024-10-21
RWK-00821,P-2612,rework_machining,52.87,tolerance_stackup,2024-05-22
RWK-00822,P-1569,rework_machining,93.84,tolerance_stackup,2023-01-10
RWK-00823,P-1384,scrap_replace,154.54,supplier_quality,2024-02-09
RWK-00824,P-0876,scrap_replace,67.63,material_defect,2023-09-23
RWK-00825,P-2078,scrap_replace,74.34,tolerance_stackup,2025-01-20
RWK-00826,P-0463,rework_machining,99.23,design_error,2024-05-30
RWK-00827,P-1176,scrap_replace,45.89,material_defect,2023-08-31
RWK-00828,P-2261,scrap_replace,53.06,tolerance_stackup,2024-02-27
RWK-00829,P-2036,rework_machining,59.11,material_defect,2024-09-10
RWK-00830,P-0402,rework_machining,116.65,tolerance_stackup,2023-04-10
RWK-00831,P-1087,scrap_replace,382.95,process_variation,2024-03-23
RWK-00832,P-1196,rework_machining,29.34,design_error,2023-02-18
RWK-00833,P-0707,rework_machining,111.63,design_error,2023-06-13
RWK-00834,P-0606,scrap_replace,73.22,tolerance_stackup,2024-01-03
RWK-00835,P-1547,rework_machining,77.26,material_defect,2024-06-24
RWK-00836,P-1023,assembly_adjust,58.02,material_defect,2024-01-14
RWK-00837,P-1834,scrap_replace,251.42,process_variation,2025-04-25
RWK-00838,P-1939,rework_machining,10.14,process_variation,2023-12-12
RWK-00839,P-2869,rework_machining,32.39,material_defect,2024-07-26
RWK-00840,P-1785,rework_machining,240.09,design_error,2025-05-04
RWK-00841,P-2462,retest_only,256.81,tolerance_stackup,2024-08-18
RWK-00842,P-2741,rework_machining,438.76,material_defect,2023-07-07
RWK-00843,P-1289,scrap_replace,118.63,tolerance_stackup,2023-01-11
RWK-00844,P-0528,assembly_adjust,138.93,material_defect,2024-10-13
RWK-00845,P-0855,rework_machining,16.83,tolerance_stackup,2023-07-09
RWK-00846,P-2061,rework_machining,90.26,tolerance_stackup,2023-06-15
RWK-00847,P-0989,assembly_adjust,148.95,material_defect,2025-01-30
RWK-00848,P-0398,scrap_replace,58.02,supplier_quality,2023-02-10
RWK-00849,P-0422,rework_machining,82.85,process_variation,2023-10-15
RWK-00850,P-1021,rework_machining,272.86,process_variation,2024-07-19
RWK-00851,P-0439,assembly_adjust,333.98,process_variation,2025-04-12
RWK-00852,P-2762,rework_machining,112.76,design_error,2025-02-06
RWK-00853,P-0020,scrap_replace,85.99,process_variation,2024-08-21
RWK-00854,P-0703,rework_machining,173.47,design_error,2023-10-28
RWK-00855,P-2796,scrap_replace,64.55,supplier_quality,2023-07-29
RWK-00856,P-2422,rework_machining,230.36,process_variation,2024-05-09
RWK-00857,P-2783,rework_machining,56.13,design_error,2024-07-06
RWK-00858,P-2634,scrap_replace,176.8,design_error,2024-07-27
RWK-00859,P-1274,scrap_replace,88.44,material_defect,2025-06-14
RWK-00860,P-0285,rework_machining,51.56,design_error,2024-08-31
RWK-00861,P-2495,rework_machining,124.37,tolerance_stackup,2023-05-31
RWK-00862,P-1136,assembly_adjust,63.24,material_defect,2024-07-03
RWK-00863,P-0350,scrap_replace,220.27,material_defect,2025-01-13
RWK-00864,P-2323,assembly_adjust,36.79,tolerance_stackup,2025-03-27
RWK-00865,P-0067,rework_machining,110.19,design_error,2023-12-09
RWK-00866,P-0661,scrap_replace,46.58,process_variation,2023-06-16
RWK-00867,P-1983,scrap_replace,265.34,tolerance_stackup,2023-12-14
RWK-00868,P-0729,rework_machining,171.26,process_variation,2024-11-05
RWK-00869,P-0195,scrap_replace,86.46,material_defect,2023-06-27
RWK-00870,P-2055,rework_machining,88.79,design_error,2025-05-11
RWK-00871,P-0933,rework_machining,409.92,supplier_quality,2025-01-19
RWK-00872,P-2758,scrap_replace,178.25,material_defect,2023-11-15
RWK-00873,P-0184,rework_machining,45.59,supplier_quality,2024-02-08
RWK-00874,P-1064,assembly_adjust,208.77,supplier_quality,2024-12-09
RWK-00875,P-2697,rework_machining,54.25,design_error,2024-07-14
RWK-00876,P-0242,rework_machining,103.31,design_error,2024-07-12
RWK-00877,P-2629,rework_machining,13.62,process_variation,2023-06-12
RWK-00878,P-2510,assembly_adjust,187.44,tolerance_stackup,2023-09-09
RWK-00879,P-0401,retest_only,49.27,design_error,2023-06-20
RWK-00880,P-1687,retest_only,74.68,material_defect,2024-01-04
RWK-00881,P-0361,retest_only,25.69,process_variation,2024-07-01
RWK-00882,P-2791,retest_only,105.88,material_defect,2025-03-08
RWK-00883,P-2961,retest_only,95.91,tolerance_stackup,2025-06-07
RWK-00884,P-1056,scrap_replace,28.59,material_defect,2024-03-13
RWK-00885,P-2885,assembly_adjust,92.7,material_defect,2024-01-16
RWK-00886,P-0841,rework_machining,70.9,tolerance_stackup,2023-09-24
RWK-00887,P-1822,retest_only,270.85,tolerance_stackup,2025-02-16
RWK-00888,P-0732,rework_machining,47.58,design_error,2025-06-25
RWK-00889,P-0056,assembly_adjust,138.53,material_defect,2024-01-02
RWK-00890,P-1068,rework_machining,23.97,material_defect,2023-10-02
RWK-00891,P-1336,scrap_replace,96.74,design_error,2025-06-25
RWK-00892,P-0586,assembly_adjust,124.19,supplier_quality,2023-02-08
RWK-00893,P-1568,scrap_replace,129.89,material_defect,2024-02-27
RWK-00894,P-2802,retest_only,80.89,tolerance_stackup,2023-07-01
RWK-00895,P-2445,rework_machining,427.77,process_variation,2024-06-23
RWK-00896,P-1255,scrap_replace,65.07,tolerance_stackup,2025-05-29
RWK-00897,P-1272,retest_only,138.87,tolerance_stackup,2023-03-09
RWK-00898,P-2604,scrap_replace,67.81,material_defect,2023-10-10
RWK-00899,P-1726,scrap_replace,42.35,design_error,2023-02-08
RWK-00900,P-1269,scrap_replace,30.91,supplier_quality,2025-02-22
RWK-00901,P-0846,assembly_adjust,39.53,material_defect,2023-04-25
RWK-00902,P-2820,scrap_replace,155.07,design_error,2025-03-04
RWK-00903,P-1480,rework_machining,297.19,tolerance_stackup,2023-11-09
RWK-00904,P-1001,rework_machining,154.65,process_variation,2023-01-20
RWK-00905,P-2701,scrap_replace,66.59,design_error,2024-03-27
RWK-00906,P-2050,rework_machining,51.14,design_error,2024-10-30
RWK-00907,P-2653,retest_only,104.36,design_error,2023-07-25
RWK-00908,P-0922,assembly_adjust,35.26,supplier_quality,2024-05-09
RWK-00909,P-2936,retest_only,199.42,tolerance_stackup,2023-12-17
RWK-00910,P-2617,assembly_adjust,125.53,material_defect,2024-07-22
RWK-00911,P-1923,assembly_adjust,37.68,process_variation,2023-06-28
RWK-00912,P-2930,rework_machining,344.55,tolerance_stackup,2024-02-02
RWK-00913,P-1330,assembly_adjust,30.4,design_error,2025-04-06
RWK-00914,P-1526,rework_machining,94.31,tolerance_stackup,2023-04-25
RWK-00915,P-1803,rework_machining,190.64,tolerance_stackup,2023-08-27
RWK-00916,P-2347,rework_machining,174.32,tolerance_stackup,2023-05-07
RWK-00917,P-2110,assembly_adjust,51.29,tolerance_stackup,2024-01-12
RWK-00918,P-2760,assembly_adjust,62.11,material_defect,2023-01-24
RWK-00919,P-1427,rework_machining,38.09,tolerance_stackup,2023-01-26
RWK-00920,P-1719,retest_only,109.61,design_error,2023-08-26
RWK-00921,P-1263,retest_only,188.31,material_defect,2024-11-10
RWK-00922,P-2372,assembly_adjust,16.14,tolerance_stackup,2024-08-19
RWK-00923,P-2157,assembly_adjust,148.46,tolerance_stackup,2024-06-10
RWK-00924,P-2868,scrap_replace,57.82,material_defect,2023-09-14
RWK-00925,P-2907,scrap_replace,82.79,material_defect,2025-04-22
RWK-00926,P-1689,scrap_replace,34.52,design_error,2023-12-12
RWK-00927,P-0108,rework_machining,51.58,design_error,2024-06-25
RWK-00928,P-1773,retest_only,540.82,process_variation,2024-06-19
RWK-00929,P-1961,scrap_replace,66.39,process_variation,2025-04-12
RWK-00930,P-0199,scrap_replace,89.14,tolerance_stackup,2024-07-31
RWK-00931,P-0548,rework_machining,39.51,process_variation,2024-02-08
RWK-00932,P-2602,scrap_replace,920.18,material_defect,2025-02-22
RWK-00933,P-1307,rework_machining,136.91,tolerance_stackup,2024-08-15
RWK-00934,P-2779,assembly_adjust,88.29,tolerance_stackup,2023-11-24
RWK-00935,P-0992,assembly_adjust,206.09,tolerance_stackup,2023-01-31
RWK-00936,P-2945,assembly_adjust,123.9,tolerance_stackup,2024-10-25
RWK-00937,P-2034,assembly_adjust,77.1,tolerance_stackup,2024-12-18
RWK-00938,P-2251,retest_only,80.2,tolerance_stackup,2023-11-11
RWK-00939,P-1813,rework_machining,22.53,design_error,2024-06-30
RWK-00940,P-1644,scrap_replace,64.78,process_variation,2024-10-08
RWK-00941,P-2184,assembly_adjust,57.12,design_error,2024-12-02
RWK-00942,P-0605,retest_only,120.18,material_defect,2025-04-27
RWK-00943,P-1479,scrap_replace,74.4,design_error,2024-06-26
RWK-00944,P-2854,rework_machining,166.87,material_defect,2023-11-02
RWK-00945,P-2684,rework_machining,98.47,design_error,2024-02-17
RWK-00946,P-2804,retest_only,42.22,design_error,2024-03-26
RWK-00947,P-2406,rework_machining,343.74,supplier_quality,2023-06-17
RWK-00948,P-2357,rework_machining,63.56,design_error,2023-08-15
RWK-00949,P-2787,retest_only,148.24,design_error,2023-07-05
RWK-00950,P-2298,retest_only,27.66,tolerance_stackup,2024-04-20
RWK-00951,P-0276,scrap_replace,180.03,supplier_quality,2024-01-26
RWK-00952,P-1744,rework_machining,20.65,design_error,2024-04-15
RWK-00953,P-0108,scrap_replace,514.6,material_defect,2023-03-12
RWK-00954,P-0540,rework_machining,166.71,material_defect,2025-01-09
RWK-00955,P-2045,rework_machining,74.01,process_variation,2025-03-14
RWK-00956,P-2776,scrap_replace,150.54,process_variation,2024-12-12
RWK-00957,P-0037,assembly_adjust,28.77,tolerance_stackup,2024-09-25
RWK-00958,P-2271,rework_machining,75.03,tolerance_stackup,2024-01-13
RWK-00959,P-1385,assembly_adjust,175.99,process_variation,2023-04-18
RWK-00960,P-2466,rework_machining,150.77,tolerance_stackup,2023-06-06
RWK-00961,P-1915,rework_machining,89.39,process_variation,2023-10-22
RWK-00962,P-1775,rework_machining,119.58,design_error,2023-08-19
RWK-00963,P-1291,rework_machining,238.08,design_error,2023-10-20
RWK-00964,P-1060,rework_machining,172.56,tolerance_stackup,2024-04-01
RWK-00965,P-1527,rework_machining,16.6,supplier_quality,2024-01-26
RWK-00966,P-2029,rework_machining,89.39,tolerance_stackup,2025-06-01
RWK-00967,P-1150,scrap_replace,91.54,design_error,2023-04-08
RWK-00968,P-1480,rework_machining,29.21,process_variation,2024-09-09
RWK-00969,P-1802,rework_machining,34.81,design_error,2023-07-20
RWK-00970,P-0010,assembly_adjust,346.38,tolerance_stackup,2023-09-01
RWK-00971,P-0649,assembly_adjust,46.83,tolerance_stackup,2024-02-10
RWK-00972,P-0558,scrap_replace,61.49,tolerance_stackup,2025-06-22
RWK-00973,P-2621,retest_only,43.83,supplier_quality,2025-05-22
RWK-00974,P-2702,rework_machining,130.58,design_error,2025-01-30
RWK-00975,P-0545,assembly_adjust,115.75,tolerance_stackup,2023-02-17
RWK-00976,P-2100,scrap_replace,515.22,design_error,2024-02-07
RWK-00977,P-1267,rework_machining,55.54,material_defect,2025-01-08
RWK-00978,P-1659,rework_machining,144.2,material_defect,2024-09-14
RWK-00979,P-1247,rework_machining,16.48,tolerance_stackup,2023-11-26
RWK-00980,P-1422,assembly_adjust,25.12,tolerance_stackup,2023-04-15
RWK-00981,P-2078,rework_machining,298.38,process_variation,2024-03-10
RWK-00982,P-0890,retest_only,243.37,supplier_quality,2025-06-13
RWK-00983,P-0056,rework_machining,134.22,design_error,2023-09-24
RWK-00984,P-1527,scrap_replace,248.12,tolerance_stackup,2023-05-27
RWK-00985,P-0299,scrap_replace,34.19,process_variation,2025-01-10
RWK-00986,P-2874,retest_only,398.37,design_error,2025-02-14
RWK-00987,P-1043,rework_machining,35.47,process_variation,2024-12-25
RWK-00988,P-0055,scrap_replace,120.51,tolerance_stackup,2024-03-09
RWK-00989,P-1459,assembly_adjust,1090.86,process_variation,2024-03-01
RWK-00990,P-0989,rework_machining,40.7,tolerance_stackup,2024-11-12
RWK-00991,P-2067,scrap_replace,302.96,material_defect,2023-03-08
RWK-00992,P-2121,rework_machining,214.81,design_error,2023-10-27
RWK-00993,P-2101,retest_only,55.69,design_error,2023-03-18
RWK-00994,P-1186,assembly_adjust,590.53,tolerance_stackup,2024-04-08
RWK-00995,P-2572,rework_machining,39.63,process_variation,2025-04-17
RWK-00996,P-0135,assembly_adjust,87.1,design_error,2024-06-26
RWK-00997,P-1427,rework_machining,160.35,design_error,2023-02-08
RWK-00998,P-2846,retest_only,82.6,tolerance_stackup,2024-01-11
RWK-00999,P-1270,rework_machining,1476.81,tolerance_stackup,2024-06-20
RWK-01000,P-2950,scrap_replace,29.01,design_error,2024-02-28
RWK-01001,P-2136,retest_only,386.12,tolerance_stackup,2024-02-22
RWK-01002,P-1244,rework_machining,11.75,material_defect,2025-06-06
RWK-01003,P-2056,retest_only,6.67,tolerance_stackup,2023-07-02
RWK-01004,P-2844,assembly_adjust,94.41,process_variation,2024-02-17
RWK-01005,P-2544,scrap_replace,174.75,material_defect,2023-12-07
RWK-01006,P-0591,rework_machining,344.15,design_error,2023-05-27
RWK-01007,P-2450,assembly_adjust,382.8,tolerance_stackup,2025-06-22
RWK-01008,P-0687,scrap_replace,107.77,process_variation,2024-03-18
RWK-01009,P-0305,scrap_replace,140.97,supplier_quality,2024-03-26
RWK-01010,P-1224,scrap_replace,112.02,process_variation,2025-04-03
RWK-01011,P-1789,scrap_replace,355.44,process_variation,2023-09-09
RWK-01012,P-0960,scrap_replace,29.61,tolerance_stackup,2023-08-18
RWK-01013,P-2539,assembly_adjust,49.49,design_error,2025-03-02
RWK-01014,P-1000,scrap_replace,194.52,tolerance_stackup,2023-10-05
RWK-01015,P-0366,retest_only,232.18,tolerance_stackup,2024-01-27
RWK-01016,P-1514,scrap_replace,302.24,design_error,2023-09-03
RWK-01017,P-1915,rework_machining,84.48,tolerance_stackup,2023-09-05
RWK-01018,P-0844,retest_only,57.5,material_defect,2023-12-05
RWK-01019,P-2685,retest_only,169.6,supplier_quality,2023-08-26
RWK-01020,P-0179,retest_only,33.55,design_error,2024-03-05
RWK-01021,P-1802,rework_machining,403.29,tolerance_stackup,2025-01-08
RWK-01022,P-2523,rework_machining,57.25,tolerance_stackup,2023-11-01
RWK-01023,P-2433,rework_machining,70.17,design_error,2023-09-07
RWK-01024,P-1970,retest_only,177.0,design_error,2023-06-19
RWK-01025,P-0118,assembly_adjust,46.82,design_error,2024-01-24
RWK-01026,P-0247,rework_machining,32.0,supplier_quality,2023-11-06
RWK-01027,P-1464,rework_machining,254.04,supplier_quality,2023-12-30
RWK-01028,P-2837,retest_only,35.21,material_defect,2024-01-13
RWK-01029,P-0239,scrap_replace,113.73,tolerance_stackup,2024-05-30
RWK-01030,P-2555,scrap_replace,91.78,tolerance_stackup,2024-03-21
RWK-01031,P-2441,rework_machining,16.29,tolerance_stackup,2023-06-27
RWK-01032,P-2865,rework_machining,35.09,process_variation,2024-08-19
RWK-01033,P-0461,scrap_replace,123.86,process_variation,2024-05-29
RWK-01034,P-0320,rework_machining,273.06,material_defect,2024-11-03
RWK-01035,P-1151,rework_machining,45.33,process_variation,2024-12-23
RWK-01036,P-1571,scrap_replace,40.55,tolerance_stackup,2025-01-21
RWK-01037,P-2573,rework_machining,158.89,material_defect,2024-10-18
RWK-01038,P-2771,retest_only,185.24,tolerance_stackup,2023-08-17
RWK-01039,P-0984,scrap_replace,208.64,material_defect,2023-04-15
RWK-01040,P-2469,rework_machining,109.81,tolerance_stackup,2024-07-13
RWK-01041,P-2512,rework_machining,55.84,material_defect,2023-06-14
RWK-01042,P-1253,scrap_replace,182.24,process_variation,2023-06-17
RWK-01043,P-1388,scrap_replace,83.47,tolerance_stackup,2024-08-26
RWK-01044,P-2647,assembly_adjust,164.66,process_variation,2024-07-18
RWK-01045,P-2632,assembly_adjust,56.44,tolerance_stackup,2023-06-09
RWK-01046,P-2886,scrap_replace,74.52,material_defect,2025-04-16
RWK-01047,P-1852,scrap_replace,145.75,design_error,2023-03-25
RWK-01048,P-1477,rework_machining,14.13,tolerance_stackup,2025-03-03
RWK-01049,P-2480,rework_machining,300.32,material_defect,2025-01-07
RWK-01050,P-0247,rework_machining,86.03,tolerance_stackup,2024-07-07
RWK-01051,P-2618,scrap_replace,7.12,design_error,2023-11-05
RWK-01052,P-0656,rework_machining,104.8,tolerance_stackup,2023-09-09
RWK-01053,P-1426,rework_machining,60.95,tolerance_stackup,2024-05-17
RWK-01054,P-2068,rework_machining,35.23,tolerance_stackup,2023-05-07
RWK-01055,P-0076,retest_only,524.27,material_defect,2024-12-13
RWK-01056,P-1182,rework_machining,191.2,tolerance_stackup,2024-02-10
RWK-01057,P-0900,assembly_adjust,78.09,design_error,2024-05-01
RWK-01058,P-0201,retest_only,94.54,tolerance_stackup,2023-12-29
RWK-01059,P-0508,retest_only,114.48,tolerance_stackup,2023-04-24
RWK-01060,P-0485,assembly_adjust,20.79,tolerance_stackup,2024-09-06
RWK-01061,P-2257,assembly_adjust,959.04,design_error,2024-09-10
RWK-01062,P-1228,rework_machining,93.69,process_variation,2023-04-07
RWK-01063,P-0131,scrap_replace,458.35,tolerance_stackup,2023-11-04
RWK-01064,P-0675,scrap_replace,41.96,tolerance_stackup,2023-02-11
RWK-01065,P-2171,scrap_replace,152.64,process_variation,2023-11-04
RWK-01066,P-0676,scrap_replace,31.03,supplier_quality,2024-10-22
RWK-01067,P-1325,rework_machining,6.73,supplier_quality,2024-06-01
RWK-01068,P-1987,rework_machining,203.14,material_defect,2024-07-01
RWK-01069,P-2886,scrap_replace,107.28,tolerance_stackup,2024-06-25
RWK-01070,P-0176,retest_only,55.86,tolerance_stackup,2023-11-19
RWK-01071,P-0671,assembly_adjust,4.32,tolerance_stackup,2024-01-02
RWK-01072,P-0672,rework_machining,58.94,design_error,2024-11-08
RWK-01073,P-2651,retest_only,115.15,design_error,2024-10-14
RWK-01074,P-1667,assembly_adjust,34.14,tolerance_stackup,2024-02-08
RWK-01075,P-2256,assembly_adjust,101.36,tolerance_stackup,2024-11-06
RWK-01076,P-1393,assembly_adjust,50.84,supplier_quality,2024-12-21
RWK-01077,P-1435,assembly_adjust,30.52,tolerance_stackup,2024-01-03
RWK-01078,P-2924,retest_only,79.2,tolerance_stackup,2025-02-01
RWK-01079,P-0498,scrap_replace,12.77,tolerance_stackup,2023-05-20
RWK-01080,P-1204,assembly_adjust,141.36,material_defect,2024-11-10
RWK-01081,P-2965,rework_machining,98.35,tolerance_stackup,2024-05-19
RWK-01082,P-0796,retest_only,155.15,design_error,2025-04-29
RWK-01083,P-0339,assembly_adjust,248.57,design_error,2023-06-29
RWK-01084,P-0909,rework_machining,71.71,supplier_quality,2023-03-07
RWK-01085,P-2508,scrap_replace,8.01,tolerance_stackup,2023-02-14
RWK-01086,P-2990,rework_machining,71.45,design_error,2023-04-26
RWK-01087,P-1886,scrap_replace,32.12,material_defect,2024-05-03
RWK-01088,P-2971,assembly_adjust,326.82,design_error,2024-12-21
RWK-01089,P-0541,scrap_replace,64.47,material_defect,2025-01-23
RWK-01090,P-1905,assembly_adjust,191.94,design_error,2024-10-25
RWK-01091,P-1790,assembly_adjust,335.26,process_variation,2023-09-21
RWK-01092,P-0400,retest_only,45.93,tolerance_stackup,2024-01-23
RWK-01093,P-1866,retest_only,96.35,supplier_quality,2023-02-13
RWK-01094,P-1623,rework_machining,93.25,tolerance_stackup,2024-04-29
RWK-01095,P-2271,rework_machining,655.66,tolerance_stackup,2024-11-25
RWK-01096,P-2492,rework_machining,281.32,tolerance_stackup,2023-07-05
RWK-01097,P-0678,scrap_replace,34.54,process_variation,2024-04-09
RWK-01098,P-0335,rework_machining,51.96,material_defect,2023-11-07
RWK-01099,P-2782,scrap_replace,59.29,tolerance_stackup,2025-03-27
RWK-01100,P-2227,retest_only,43.33,process_variation,2023-03-12
RWK-01101,P-1102,assembly_adjust,67.71,supplier_quality,2024-10-19
RWK-01102,P-1624,scrap_replace,55.87,design_error,2023-02-01
RWK-01103,P-2466,rework_machining,93.01,tolerance_stackup,2024-02-16
RWK-01104,P-0493,rework_machining,81.15,design_error,2024-08-22
RWK-01105,P-0006,rework_machining,254.26,material_defect,2024-02-18
RWK-01106,P-1652,rework_machining,45.35,tolerance_stackup,2024-06-23
RWK-01107,P-0285,assembly_adjust,20.04,tolerance_stackup,2024-08-27
RWK-01108,P-2889,retest_only,57.75,design_error,2024-09-29
RWK-01109,P-0616,assembly_adjust,51.84,process_variation,2023-01-16
RWK-01110,P-2212,retest_only,338.99,tolerance_stackup,2023-12-17
RWK-01111,P-2136,rework_machining,192.65,design_error,2024-03-31
RWK-01112,P-0503,scrap_replace,289.48,supplier_quality,2025-01-02
RWK-01113,P-0068,rework_machining,214.07,material_defect,2024-07-20
RWK-01114,P-0696,rework_machining,15.26,material_defect,2023-12-09
RWK-01115,P-1637,rework_machining,41.79,design_error,2025-01-05
RWK-01116,P-0382,assembly_adjust,23.37,supplier_quality,2023-10-08
RWK-01117,P-2823,scrap_replace,368.85,material_defect,2025-01-27
RWK-01118,P-2352,retest_only,191.72,tolerance_stackup,2024-06-28
RWK-01119,P-0679,rework_machining,128.83,tolerance_stackup,2024-12-16
RWK-01120,P-0343,assembly_adjust,53.95,material_defect,2024-05-11
RWK-01121,P-0200,scrap_replace,59.73,tolerance_stackup,2024-12-11
RWK-01122,P-2459,assembly_adjust,41.51,tolerance_stackup,2024-10-19
RWK-01123,P-2648,scrap_replace,161.56,process_variation,2024-04-19
RWK-01124,P-1593,rework_machining,98.82,process_variation,2024-02-21
RWK-01125,P-1706,scrap_replace,168.08,design_error,2024-02-19
RWK-01126,P-1282,rework_machining,131.2,design_error,2025-05-12
RWK-01127,P-2400,rework_machining,189.23,tolerance_stackup,2024-06-29
RWK-01128,P-2622,rework_machining,143.29,material_defect,2024-03-21
RWK-01129,P-0965,assembly_adjust,242.72,tolerance_stackup,2023-10-29
RWK-01130,P-2706,retest_only,175.17,material_defect,2023-01-15
RWK-01131,P-0733,rework_machining,56.67,supplier_quality,2023-06-05
RWK-01132,P-0667,scrap_replace,139.82,design_error,2024-06-09
RWK-01133,P-2550,rework_machining,118.91,process_variation,2023-02-12
RWK-01134,P-1577,rework_machining,75.83,tolerance_stackup,2024-11-24
RWK-01135,P-0150,scrap_replace,88.63,design_error,2023-11-22
RWK-01136,P-0310,assembly_adjust,222.77,design_error,2024-03-30
RWK-01137,P-0885,rework_machining,146.47,material_defect,2024-06-02
RWK-01138,P-0542,rework_machining,208.0,tolerance_stackup,2023-10-07
RWK-01139,P-2991,retest_only,93.33,material_defect,2024-07-02
RWK-01140,P-2155,assembly_adjust,253.37,process_variation,2024-05-15
RWK-01141,P-1327,rework_machining,180.58,tolerance_stackup,2023-10-27
RWK-01142,P-2422,rework_machining,43.57,process_variation,2024-09-06
RWK-01143,P-0903,retest_only,65.22,material_defect,2023-09-09
RWK-01144,P-0080,retest_only,41.9,supplier_quality,2024-07-24
RWK-01145,P-1111,assembly_adjust,34.07,process_variation,2023-01-20
RWK-01146,P-1087,rework_machining,1003.93,process_variation,2024-01-06
RWK-01147,P-0424,assembly_adjust,403.95,tolerance_stackup,2024-01-23
RWK-01148,P-1908,scrap_replace,254.71,design_error,2023-12-14
RWK-01149,P-1170,rework_machining,134.84,design_error,2025-03-07
RWK-01150,P-0915,rework_machining,55.27,process_variation,2025-01-07
RWK-01151,P-1827,rework_machining,33.2,material_defect,2024-10-10
RWK-01152,P-2169,rework_machining,74.53,design_error,2023-08-27
RWK-01153,P-2974,scrap_replace,47.07,design_error,2023-12-30
RWK-01154,P-2653,assembly_adjust,171.14,tolerance_stackup,2023-12-17
RWK-01155,P-0040,retest_only,103.22,design_error,2024-10-22
RWK-01156,P-0462,retest_only,194.55,material_defect,2024-08-25
RWK-01157,P-1650,assembly_adjust,111.96,tolerance_stackup,2023-05-10
RWK-01158,P-1405,rework_machining,19.66,tolerance_stackup,2024-01-13
RWK-01159,P-2620,scrap_replace,77.08,tolerance_stackup,2024-06-22
RWK-01160,P-2447,rework_machining,127.59,supplier_quality,2023-12-28
RWK-01161,P-1601,assembly_adjust,115.28,tolerance_stackup,2023-02-27
RWK-01162,P-2850,rework_machining,54.64,supplier_quality,2023-04-24
RWK-01163,P-1093,assembly_adjust,57.92,tolerance_stackup,2025-06-09
RWK-01164,P-1973,rework_machining,49.47,design_error,2024-04-12
RWK-01165,P-2096,assembly_adjust,20.03,design_error,2023-05-09
RWK-01166,P-1546,assembly_adjust,87.69,design_error,2025-06-19
RWK-01167,P-0654,rework_machining,181.5,tolerance_stackup,2025-05-05
RWK-01168,P-0470,retest_only,58.66,process_variation,2025-02-17
RWK-01169,P-0490,rework_machining,29.44,supplier_quality,2024-05-14
RWK-01170,P-1176,rework_machining,220.29,process_variation,2024-12-14
RWK-01171,P-2024,scrap_replace,306.89,tolerance_stackup,2025-06-16
RWK-01172,P-0953,scrap_replace,60.56,tolerance_stackup,2024-03-17
RWK-01173,P-2580,assembly_adjust,38.7,tolerance_stackup,2025-06-21
RWK-01174,P-1802,scrap_replace,79.02,supplier_quality,2025-01-18
RWK-01175,P-1375,rework_machining,115.91,process_variation,2024-07-25
RWK-01176,P-0988,scrap_replace,60.07,design_error,2025-04-10
RWK-01177,P-0345,retest_only,21.91,design_error,2023-12-31
RWK-01178,P-1664,rework_machining,213.71,process_variation,2023-07-18
RWK-01179,P-1149,rework_machining,111.94,tolerance_stackup,2025-05-18
RWK-01180,P-2892,retest_only,362.84,design_error,2024-03-27
RWK-01181,P-2233,retest_only,93.51,tolerance_stackup,2024-09-15
RWK-01182,P-0408,retest_only,338.69,supplier_quality,2025-02-18
RWK-01183,P-1680,rework_machining,73.42,design_error,2023-05-22
RWK-01184,P-2623,assembly_adjust,52.26,tolerance_stackup,2025-01-17
RWK-01185,P-2822,rework_machining,57.39,supplier_quality,2024-09-28
RWK-01186,P-2804,assembly_adjust,464.91,process_variation,2025-03-14
RWK-01187,P-2453,rework_machining,76.03,design_error,2023-07-14
RWK-01188,P-0848,scrap_replace,373.69,supplier_quality,2025-05-21
RWK-01189,P-1912,retest_only,59.43,tolerance_stackup,2023-04-28
RWK-01190,P-2133,rework_machining,25.89,process_variation,2023-09-19
RWK-01191,P-2503,rework_machining,168.86,process_variation,2024-04-15
RWK-01192,P-2659,assembly_adjust,50.54,material_defect,2024-06-16
RWK-01193,P-1606,assembly_adjust,118.31,design_error,2025-03-01
RWK-01194,P-0993,scrap_replace,107.87,tolerance_stackup,2023-05-25
RWK-01195,P-1593,assembly_adjust,106.44,material_defect,2025-05-01
RWK-01196,P-2776,retest_only,396.91,design_error,2024-04-23
RWK-01197,P-1593,assembly_adjust,112.96,tolerance_stackup,2024-09-05
RWK-01198,P-0427,scrap_replace,100.24,process_variation,2023-03-08
RWK-01199,P-1317,assembly_adjust,65.41,process_variation,2023-06-06
RWK-01200,P-2285,rework_machining,146.07,tolerance_stackup,2024-01-17
