record_id,part_id,quarantine_reason
CHG-13625,P-9145,orphan_part_id
CHG-13626,P-9787,orphan_part_id
CHG-13627,P-9239,orphan_part_id
CHG-13628,P-9880,orphan_part_id
CHG-13629,P-9318,orphan_part_id
CHG-13630,P-9341,orphan_part_id
CHG-13631,P-9536,orphan_part_id
CHG-13632,P-9932,orphan_part_id
CHG-13633,P-9447,orphan_part_id
CHG-13634,P-9483,orphan_part_id
CHG-13635,P-9383,orphan_part_id
CHG-13636,P-9310,orphan_part_id
CHG-13637,P-9983,orphan_part_id
CHG-13638,P-9622,orphan_part_id
CHG-13639,P-9966,orphan_part_id
CHG-13640,P-9882,orphan_part_id
CHG-13641,P-9429,orphan_part_id
CHG-13642,P-9888,orphan_part_id
CHG-13643,P-9128,orphan_part_id
CHG-13644,P-9242,orphan_part_id
CHG-13645,P-9461,orphan_part_id
CHG-13646,P-9152,orphan_part_id
CHG-13647,P-9015,orphan_part_id
CHG-13648,P-9447,orphan_part_id
CHG-13649,P-9066,orphan_part_id
CHG-13650,P-9937,orphan_part_id
CHG-13651,P-9535,orphan_part_id
CHG-13652,P-9964,orphan_part_id
CHG-13653,P-9640,orphan_part_id
CHG-13654,P-9275,orphan_part_id
CHG-13655,P-9663,orphan_part_id
CHG-13656,P-9067,orphan_part_id
CHG-13657,P-9499,orphan_part_id
CHG-13658,P-9708,orphan_part_id
CHG-13659,P-9445,orphan_part_id
CHG-13660,P-9231,orphan_part_id
CHG-13661,P-9921,orphan_part_id
CHG-13662,P-9210,orphan_part_id
CHG-13663,P-9276,orphan_part_id
CHG-13664,P-9734,orphan_part_id
CHG-13665,P-9259,orphan_part_id
CHG-13666,P-9200,orphan_part_id
CHG-13667,P-9144,orphan_part_id
CHG-13668,P-9782,orphan_part_id
CHG-13669,P-9121,orphan_part_id
CHG-13670,P-9925,orphan_part_id
CHG-13671,P-9149,orphan_part_id
CHG-13672,P-9153,orphan_part_id
CHG-13673,P-9960,orphan_part_id
CHG-13674,P-9546,orphan_part_id
CHG-13675,P-9715,orphan_part_id
CHG-13676,P-9699,orphan_part_id
CHG-13677,P-9288,orphan_part_id
CHG-13678,P-9534,orphan_part_id
CHG-13679,P-9472,orphan_part_id
CHG-13680,P-9908,orphan_part_id
CHG-13681,P-9846,orphan_part_id
CHG-13682,P-9067,orphan_part_id
CHG-13683,P-9644,orphan_part_id
CHG-13684,P-9993,orphan_part_id
CHG-13685,P-9450,orphan_part_id
CHG-13686,P-9560,orphan_part_id
CHG-13687,P-9764,orphan_part_id
CHG-13688,P-9213,orphan_part_id
CHG-13689,P-9283,orphan_part_id
CHG-13690,P-9632,orphan_part_id
CHG-13691,P-9965,orphan_part_id
CHG-13692,P-9663,orphan_part_id
CHG-13693,P-9773,orphan_part_id
CHG-13694,P-9005,orphan_part_id
CHG-13695,P-9094,orphan_part_id
CHG-13696,P-9836,orphan_part_id
CHG-13697,P-9775,orphan_part_id
CHG-13698,P-9071,orphan_part_id
CHG-13699,P-9390,orphan_part_id
CHG-13700,P-9214,orphan_part_id
CHG-13701,P-9606,orphan_part_id
CHG-13702,P-9595,orphan_part_id
CHG-13703,P-9021,orphan_part_id
CHG-13704,P-9773,orphan_part_id
CHG-13705,P-9172,orphan_part_id
CHG-13706,P-9638,orphan_part_id
CHG-13707,P-9831,orphan_part_id
CHG-13708,P-9620,orphan_part_id
CHG-13709,P-9983,orphan_part_id
CHG-13710,P-9492,orphan_part_id
CHG-13711,P-9274,orphan_part_id
CHG-13712,P-9513,orphan_part_id
CHG-13713,P-9731,orphan_part_id
CHG-13714,P-9429,orphan_part_id
CHG-13715,P-9094,orphan_part_id
CHG-13716,P-9277,orphan_part_id
CHG-13717,P-9521,orphan_part_id
CHG-13718,P-9362,orphan_part_id
CHG-13719,P-9915,orphan_part_id
CHG-13720,P-9877,orphan_part_id
CHG-13721,P-9645,orphan_part_id
CHG-13722,P-9382,orphan_part_id
CHG-13723,P-9170,orphan_part_id
CHG-13724,P-9760,orphan_part_id
CHG-13725,P-9951,orphan_part_id
CHG-13726,P-9611,orphan_part_id
CHG-13727,P-9015,orphan_part_id
CHG-13728,P-9223,orphan_part_id
CHG-13729,P-9549,orphan_part_id
CHG-13730,P-9153,orphan_part_id
CHG-13731,P-9574,orphan_part_id
CHG-13732,P-9122,orphan_part_id
CHG-13733,P-9446,orphan_part_id
CHG-13734,P-9494,orphan_part_id
CHG-13735,P-9645,orphan_part_id
CHG-13736,P-9203,orphan_part_id
CHG-13737,P-9592,orphan_part_id
CHG-13738,P-9259,orphan_part_id
CHG-13739,P-9430,orphan_part_id
CHG-13740,P-9836,orphan_part_id
CHG-13741,P-9065,orphan_part_id
CHG-13742,P-9488,orphan_part_id
CHG-13743,P-9941,orphan_part_id
CHG-13744,P-9332,orphan_part_id
CHG-04300,P-0966,change_before_part_created
CHG-07202,P-1595,change_before_part_created
CHG-12876,P-2840,change_before_part_created
CHG-12821,P-2829,change_before_part_created
CHG-04057,P-0913,change_before_part_created
CHG-01673,P-0374,change_before_part_created
CHG-08133,P-1797,change_before_part_created
CHG-00869,P-0185,change_before_part_created
CHG-10364,P-2283,change_before_part_created
CHG-12251,P-2707,change_before_part_created
CHG-05204,P-1153,change_before_part_created
CHG-10627,P-2347,change_before_part_created
CHG-08256,P-1826,change_before_part_created
CHG-10228,P-2256,change_before_part_created
CHG-00542,P-0114,change_before_part_created
P-0513,,impossible_mass
P-1274,,impossible_mass
P-2785,,impossible_mass
P-2500,,impossible_mass
P-0739,,impossible_mass
P-2440,,impossible_mass
P-0062,,impossible_mass
P-1240,,impossible_mass
